Total_Relationship_Count,Total_Revolving_Bal,Total_Trans_Ct,Total_Ct_Chng_Q4_Q1,L-3,Attrition_Flag
2,1396,36,0.714,0.1191106073744262,0
5,2517,24,1.182,0.2385812628268279,0
5,1666,33,2.0,-0.3387534562038099,0
2,2055,23,0.917,0.09287996824968432,0
5,1251,28,1.154,-0.004159342086559247,0
4,1801,57,0.966,0.1458394073287654,0
4,2517,19,0.727,0.12502227248163364,0
4,1475,25,0.667,0.5426503349684096,0
2,1652,39,1.294,-0.48186417013483573,0
2,583,24,1.0,0.0800074979262624,0
5,1130,44,0.76,0.1699419021370147,0
4,0,43,0.536,0.535743417188006,0
2,2154,29,1.417,0.09287996824968432,0
4,2517,35,0.944,0.6436811845301735,0
4,1605,46,0.643,0.1458394073287654,0
6,969,15,2.75,0.4444714458451589,0
6,1818,37,1.176,-0.037491835349538497,0
6,2008,53,0.656,0.13463537641434062,0
4,913,35,1.333,0.1321783749020386,0
5,1299,20,0.667,0.2385812628268279,1
3,1257,29,0.933,0.4490160826774426,0
6,0,23,0.643,0.5176554433672559,0
5,0,35,0.75,-0.5858363918218854,0
5,2192,25,1.083,0.2053623724241354,0
2,1911,25,0.562,-0.49147727406754266,1
4,1483,60,0.622,0.05638291179182048,0
5,885,32,0.684,0.4444714458451589,0
4,1529,32,1.286,0.06599601572452743,0
3,1786,63,0.575,0.04809391772811908,0
5,0,28,0.333,0.1458394073287654,0
3,1721,37,0.762,0.1321783749020386,0
6,2019,40,0.481,0.10807588009378928,0
4,1203,40,1.0,-0.037491835349538497,0
5,1466,28,0.556,-0.01285744286093352,0
6,0,27,0.929,0.13463537641434062,0
5,1276,48,0.778,0.028785244392154796,0
6,0,37,0.85,-0.037491835349538497,0
6,1616,54,0.35,0.5131108065349722,0
3,1113,45,0.607,0.482234973080135,0
6,1853,35,1.059,0.039436519403976106,0
4,1575,60,0.579,0.11943946457023565,0
4,2104,37,0.85,-0.02054544296169411,0
4,479,37,0.37,0.13463537641434062,0
4,1528,38,0.727,0.535743417188006,0
4,2217,36,0.895,0.46141783823300336,0
3,1550,33,0.32,0.024240607559871175,0
6,0,32,0.778,-0.037491835349538497,0
3,1593,41,0.367,0.039436519403976106,0
6,491,59,0.405,0.13672301173432222,0
4,864,64,1.0,0.03114752534027468,0
6,2326,63,0.615,0.1699419021370147,0
3,2517,43,0.344,0.14578131730179467,0
5,843,28,0.4,0.47401097427859634,0
5,1381,60,0.429,0.04398115623625973,0
3,0,35,1.5,0.14578131730179467,0
5,2517,64,0.524,0.1321783749020386,0
6,1542,39,0.5,0.550939329032111,0
4,987,36,0.8,0.47401097427859634,0
6,1902,22,1.0,0.5508743337699483,0
4,1847,43,0.87,-0.010932339028987164,0
5,727,40,0.6,0.09742460508196794,0
3,1214,40,0.333,0.039436519403976106,0
4,1197,49,0.441,0.5396703028555236,0
4,1203,31,0.632,0.0356921621725583,0
3,2035,42,0.909,0.04398115623625973,0
4,2350,61,0.649,0.6195786897219242,0
5,1597,46,0.314,0.5176554433672559,0
4,1758,33,0.737,0.024240607559871175,0
6,0,66,0.65,0.5396703028555236,0
6,1635,37,0.542,0.47401097427859634,0
3,1843,58,0.526,0.9559742554732938,0
4,1545,65,0.512,0.5267137489347283,0
6,2517,56,0.75,0.6195786897219242,0
6,1395,33,0.5,0.04398115623625973,0
3,1117,39,0.696,1.0246136161631072,0
4,1393,35,0.522,0.550939329032111,0
6,1705,69,0.568,0.12502227248163364,0
6,2227,48,0.548,0.04398115623625973,0
3,1631,45,0.552,0.6436811845301735,0
4,1482,42,2.5,0.5300571989228167,0
6,1791,32,0.6,0.0772000466389522,0
3,1729,42,0.448,0.4444714458451589,0
3,0,71,0.651,0.10807588009378928,0
3,2265,57,0.629,0.06599601572452743,0
5,2517,23,0.917,1.0246136161631072,0
4,2517,60,0.714,0.7123205452199867,0
3,2420,47,0.808,0.6436811845301735,0
6,2322,63,1.032,0.5176554433672559,0
6,658,37,0.947,0.06599601572452743,0
3,2127,36,1.0,0.039436519403976106,0
3,2037,36,0.241,0.2053623724241354,0
6,674,31,0.722,0.04398115623625973,0
3,2257,42,0.75,0.06599601572452743,0
4,997,47,0.958,0.024240607559871175,0
5,1479,49,0.581,0.1458394073287654,0
6,673,48,0.412,0.5131108065349722,0
3,1515,35,0.667,0.04398115623625973,0
4,2517,37,1.176,0.15873787122258992,0
5,1762,39,0.56,0.482234973080135,0
5,1539,54,0.688,-0.20336908077157376,0
5,1890,75,0.829,-0.6235999190568615,0
6,2047,33,0.737,0.9559742554732938,0
6,2307,43,0.72,0.47401097427859634,0
4,1292,33,1.357,0.06599601572452743,0
4,629,31,0.632,0.0772000466389522,0
4,0,47,0.469,0.09287996824968432,0
5,1176,41,0.708,0.9559742554732938,0
5,2024,34,0.7,0.0772000466389522,0
6,1496,64,0.6,0.6043827778778192,0
3,681,48,0.778,-0.02054544296169411,0
4,2072,51,0.594,0.535743417188006,0
6,1418,39,0.773,0.039436519403976106,0
5,2377,39,0.696,-0.037491835349538497,0
6,1956,51,0.417,-0.026460385260689584,0
4,2517,32,0.882,0.47103094216571034,0
4,845,58,0.611,0.2385812628268279,0
5,782,34,0.889,-0.037491835349538497,0
3,1394,36,0.714,0.9559742554732938,0
3,1136,63,0.5,0.06891105257525078,0
3,2517,33,0.941,-0.3387534562038099,0
3,2517,36,0.636,0.1321783749020386,0
5,456,74,0.542,-0.5818445108922052,0
3,1733,53,0.71,0.30813372885656104,0
3,1733,58,0.487,0.04128301094179293,0
3,2146,45,0.667,0.1699419021370147,0
5,1880,39,0.95,0.47401097427859634,0
6,2517,22,0.467,0.1126205169260729,1
4,1692,30,0.875,-0.48186417013483573,0
3,1357,46,0.438,0.024240607559871175,0
3,0,50,1.083,0.0772000466389522,0
4,0,43,0.654,0.550939329032111,0
5,2517,40,0.739,0.14912476728988294,0
6,2517,42,1.1,0.06082826241399107,0
6,2517,52,0.926,0.10992237163160613,0
4,1887,55,0.618,0.46141783823300336,0
4,1599,31,0.722,0.024240607559871175,0
6,1445,33,1.75,0.550939329032111,0
3,0,21,0.167,-0.037491835349538497,1
2,0,18,0.286,0.0582294033296373,1
5,1789,55,0.897,0.039436519403976106,0
4,1888,39,0.696,0.550939329032111,0
5,1392,36,1.25,0.039436519403976106,0
6,1613,40,0.667,0.024240607559871175,0
3,1514,44,0.294,0.10807588009378928,0
3,1151,47,0.424,0.535743417188006,0
3,0,16,0.231,0.9559742554732938,1
5,815,48,0.778,0.10807588009378928,0
6,845,37,0.682,0.1126205169260729,0
4,1691,27,0.929,0.7123205452199867,0
3,1884,15,1.5,-0.010932339028987164,1
5,1421,59,0.439,0.6043827778778192,0
4,1230,33,0.435,0.47401097427859634,0
4,2517,44,0.467,0.039436519403976106,0
5,1619,53,1.208,0.039436519403976106,0
3,1776,31,0.824,0.15873787122258992,0
5,1848,64,0.524,0.14578131730179467,0
5,1247,40,0.6,0.039436519403976106,0
4,0,65,0.806,0.044179263311686846,0
3,2145,43,0.433,0.6436811845301735,0
5,2055,36,0.636,0.9559742554732938,0
6,1598,43,0.536,0.10807588009378928,0
3,590,52,1.08,0.4444714458451589,0
4,671,56,0.931,0.9559742554732938,0
3,0,39,0.56,0.9559742554732938,0
3,1408,23,0.643,0.4444714458451589,1
6,2173,34,1.0,0.535743417188006,0
5,1670,51,0.545,1.0246136161631072,0
6,0,56,0.6,-0.6853323619662711,0
5,1228,67,0.971,0.10807588009378928,0
6,1140,45,0.957,0.47875371818630713,0
3,684,37,0.48,-0.6038593703804729,0
6,1352,58,0.812,0.07904653817676903,0
5,2351,50,0.667,0.4444714458451589,0
3,1773,45,0.667,0.13672301173432222,0
4,0,28,0.867,-0.4145489193140281,0
6,0,29,0.381,0.1458394073287654,0
3,775,33,0.435,0.46141783823300336,0
5,1720,37,0.48,0.2273772319124031,0
6,1638,56,0.806,1.0246136161631072,0
5,2027,48,0.655,0.482234973080135,0
6,1591,33,1.062,0.039436519403976106,0
5,1872,61,1.103,-0.0055448283217796115,0
4,0,29,0.611,0.039436519403976106,0
3,0,57,0.357,0.1126205169260729,0
5,1492,32,0.455,0.05638291179182048,0
4,0,57,1.111,-0.010932339028987164,0
4,1474,41,0.783,0.028785244392154796,0
6,1473,30,0.429,0.1321783749020386,0
5,1676,88,0.725,0.0356921621725583,0
6,794,46,0.586,-0.032947198517254875,0
6,1880,55,0.774,0.09287996824968432,0
4,2279,69,0.643,0.6195786897219242,0
6,695,69,0.725,0.6195786897219242,0
5,1996,49,0.69,-0.037491835349538497,0
6,0,19,1.111,0.6195786897219242,1
4,1390,42,0.556,0.1126205169260729,0
5,0,40,0.818,0.039436519403976106,0
6,1982,35,0.944,0.1321783749020386,0
6,1318,43,0.593,0.9559742554732938,0
3,1422,24,0.714,-0.6235999190568615,0
4,1598,39,0.95,0.024240607559871175,0
4,0,36,0.636,0.47401097427859634,0
5,0,60,0.714,-0.6587728656457198,0
5,0,56,0.931,0.5659399436720255,0
6,1260,47,0.567,0.039436519403976106,0
3,574,33,0.32,0.482234973080135,0
3,675,36,0.636,0.0002716918854376263,0
6,1567,49,1.042,0.6195786897219242,0
3,810,44,0.571,0.039436519403976106,0
5,1362,51,0.759,0.0772000466389522,0
5,1865,59,0.439,0.05638291179182048,0
4,0,43,0.536,0.09742460508196794,0
5,0,42,0.355,0.5131108065349722,0
3,1998,56,0.931,0.13672301173432222,0
4,1147,68,1.125,0.5426503349684096,0
6,1667,45,0.667,0.6436811845301735,0
6,2080,45,0.452,0.09287996824968432,0
5,0,40,0.6,0.039436519403976106,0
5,1609,56,0.806,-0.09690119758462179,0
3,1687,45,0.552,0.039436519403976106,0
4,1698,58,0.568,0.5527858205699278,0
6,1101,50,0.471,0.5131108065349722,0
4,0,60,1.069,0.04378585903206926,0
6,0,63,0.969,0.06784250726234427,0
6,1999,35,0.591,-0.032947198517254875,0
6,0,32,0.455,0.0772000466389522,0
6,1751,58,0.758,0.039436519403976106,0
4,0,56,0.6,0.1458394073287654,0
3,2517,45,0.667,0.5527858205699278,0
5,2028,35,1.059,0.6436811845301735,0
3,1924,37,0.762,0.1458394073287654,0
3,1721,50,1.5,0.5176554433672559,0
6,1529,63,0.703,0.535743417188006,0
6,760,43,0.955,0.550939329032111,0
5,0,50,0.613,0.550939329032111,0
6,0,48,0.297,0.7123205452199867,0
5,1424,50,1.273,0.13064349548466045,0
6,1799,45,0.5,0.6436811845301735,0
3,1063,50,0.515,0.5527858205699278,0
3,1471,48,0.371,0.4490160826774426,0
4,1252,42,1.1,0.1699419021370147,0
5,1215,48,0.548,0.1321783749020386,0
4,1001,42,0.448,0.1321783749020386,0
5,708,43,0.483,0.482234973080135,0
6,1515,36,0.636,0.03114752534027468,0
3,0,40,0.6,0.550939329032111,0
4,0,42,0.75,0.47103094216571034,0
6,1354,36,0.333,0.10992237163160613,0
3,0,30,0.111,0.028785244392154796,1
6,2222,27,0.929,-0.508423666455387,0
5,1945,74,0.609,0.10807588009378928,0
5,1038,24,0.714,0.9559742554732938,0
3,1584,60,0.714,0.2008177355918518,0
6,1383,71,0.614,-0.25700782682147244,0
5,1129,56,0.436,0.12502227248163364,0
4,1639,56,0.931,0.0772000466389522,0
5,0,44,0.571,0.13672301173432222,0
4,1070,61,0.452,0.13463537641434062,0
4,1567,64,0.455,0.1458394073287654,0
6,1158,36,0.5,0.5131108065349722,0
5,1314,41,0.519,0.05080010388042247,0
5,0,41,0.519,-0.037491835349538497,0
3,1212,62,0.879,0.1321783749020386,0
5,0,49,0.4,0.5176554433672559,0
5,1631,37,0.85,-0.026460385260689584,0
5,950,74,1.114,1.0246136161631072,0
3,0,40,1.105,0.1321783749020386,0
5,1180,41,0.367,0.039436519403976106,0
3,1604,53,0.262,0.15873787122258992,0
5,0,35,0.667,0.1321783749020386,0
4,1865,47,0.679,0.47103094216571034,0
6,2080,73,0.622,0.46141783823300336,0
5,799,33,0.571,0.024240607559871175,0
3,1236,34,0.478,0.9559742554732938,0
3,1385,48,0.846,0.039436519403976106,0
6,869,45,0.875,0.9559742554732938,0
6,2517,37,0.762,-0.42974483115813306,0
4,2324,57,0.727,0.5176554433672559,0
3,1889,39,1.167,0.6436811845301735,0
3,2220,59,1.36,0.4444714458451589,0
3,0,64,0.455,-0.6020128788426561,0
5,1521,61,0.605,0.1458394073287654,0
5,0,54,0.588,0.04475046774003075,0
6,1474,51,1.04,0.1458394073287654,0
3,1397,64,1.0,0.1458394073287654,0
6,1101,34,1.125,0.6436811845301735,0
3,1435,34,0.619,0.47401097427859634,0
3,2517,60,0.875,0.13463537641434062,0
4,1018,55,0.774,0.04128301094179293,0
5,948,59,0.844,0.13064349548466045,0
2,0,29,0.526,-0.4466912235459774,1
5,1278,44,0.913,-0.037491835349538497,0
3,0,41,0.577,0.9559742554732938,0
4,1792,46,0.769,0.4444714458451589,0
3,1540,72,0.756,0.05554284778813321,0
5,791,42,2.0,0.037843549959627215,0
4,798,45,1.045,0.21776412797969616,0
5,1327,71,0.775,0.10807588009378928,0
6,0,39,0.393,0.04582764777407658,0
6,1195,48,0.5,0.6195786897219242,0
5,789,69,0.605,-0.6853323619662711,0
3,0,55,0.897,0.1321783749020386,0
5,1766,56,0.697,0.46141783823300336,0
3,1568,65,0.857,-0.095054706046805,0
4,1695,27,0.588,0.5508743337699483,0
1,666,36,0.5,0.10807588009378928,1
6,1049,51,0.645,-0.6807877251339876,0
4,2057,63,0.969,0.039436519403976106,0
6,1491,55,0.571,0.14912476728988294,0
6,1177,52,0.733,-0.02054544296169411,0
5,1146,33,1.357,0.4444714458451589,0
5,0,61,0.649,0.5131108065349722,0
5,1784,49,0.633,0.6436811845301735,0
4,2441,51,0.545,0.550939329032111,0
3,1590,41,0.708,0.535743417188006,0
5,1434,64,0.488,-0.4269506748695888,0
5,1580,36,0.636,0.14912476728988294,0
4,2029,38,0.52,0.550939329032111,0
4,1876,45,0.364,0.09742460508196794,0
3,1060,37,0.609,0.039436519403976106,0
6,2517,46,1.3,0.14768589886658223,0
3,723,43,0.344,0.1126205169260729,0
4,0,45,0.731,0.482234973080135,0
3,0,35,0.842,0.47401097427859634,0
6,0,62,0.632,0.2008177355918518,0
3,829,41,0.519,0.4444714458451589,0
6,1553,40,0.667,0.1321783749020386,0
3,1291,37,0.542,-0.02054544296169411,0
5,606,58,0.657,0.21442067799160786,0
3,1504,42,0.448,0.14578131730179467,0
5,1452,71,0.511,0.5659399436720255,0
6,0,56,0.333,0.11943946457023565,0
4,1223,38,0.52,0.6436811845301735,0
4,1144,38,0.583,0.0772000466389522,0
3,2149,28,0.647,0.10807588009378928,0
5,0,67,0.811,0.2273772319124031,0
6,1826,35,1.188,0.13672301173432222,0
4,0,55,0.528,0.4444714458451589,0
4,1431,62,0.722,-0.037491835349538497,0
6,2498,58,0.568,0.9559742554732938,0
4,514,68,0.838,0.09287996824968432,0
4,1384,32,0.391,0.550939329032111,0
5,1033,60,1.0,0.5131108065349722,0
4,1880,33,0.571,0.6436811845301735,0
5,1929,42,0.556,0.039436519403976106,0
4,2266,27,0.929,-0.032947198517254875,0
2,1956,43,0.536,-0.02054544296169411,0
6,1843,79,0.646,0.13463537641434062,0
6,957,34,0.417,0.7123205452199867,0
4,2435,30,0.765,0.04398115623625973,0
6,0,38,0.462,-0.5914576148249122,1
5,1898,58,0.706,0.6436811845301735,0
6,1769,71,0.972,0.09742460508196794,0
4,1875,50,1.083,0.1321783749020386,0
5,2076,46,0.533,-0.037491835349538497,0
6,495,40,0.333,0.10807588009378928,0
4,694,31,0.938,0.47401097427859634,0
6,0,30,0.667,0.039436519403976106,0
4,1278,74,0.609,0.2385812628268279,0
5,2252,24,0.846,0.6436811845301735,0
4,1118,30,1.0,0.0772000466389522,0
5,792,61,0.525,0.6043827778778192,0
3,1965,42,0.448,0.5527858205699278,0
3,1397,74,0.609,0.10807588009378928,0
3,1009,35,0.944,0.45807438824491503,0
4,1240,46,0.438,0.09742460508196794,0
6,0,60,0.818,0.1126205169260729,0
6,1659,58,0.871,0.6436811845301735,0
6,892,71,0.919,0.03114752534027468,0
5,2517,62,0.632,0.535743417188006,0
5,1955,54,0.8,0.10807588009378928,0
5,1201,50,0.852,0.1699419021370147,0
5,1164,39,1.053,0.05638291179182048,0
6,1337,44,0.375,0.47103094216571034,0
6,2517,33,0.833,0.0772000466389522,0
2,2460,28,0.077,0.10807588009378928,1
3,2032,39,0.625,0.6436811845301735,0
6,1772,44,0.419,0.1699419021370147,0
4,1603,41,0.519,0.4444714458451589,0
4,1873,63,0.853,0.6195786897219242,0
4,1421,44,0.833,0.1126205169260729,0
4,1775,40,0.667,0.057707021660826,0
5,1717,61,0.848,0.039436519403976106,0
3,2517,18,0.059,0.039436519403976106,1
6,1726,36,0.636,0.47103094216571034,0
2,1616,27,0.286,1.0246136161631072,1
3,1465,48,0.548,0.024240607559871175,0
5,0,62,0.824,0.5131108065349722,0
6,0,58,0.933,-0.5156621517146941,0
5,2317,61,1.033,0.6436811845301735,0
3,1999,36,0.714,-0.010932339028987164,0
5,0,80,0.818,0.2273772319124031,0
6,1472,54,0.8,0.5131108065349722,0
6,0,31,0.722,0.550939329032111,0
6,1628,55,0.667,0.04398115623625973,0
3,816,45,0.607,0.13672301173432222,0
5,2517,41,0.577,-0.037491835349538497,0
4,2375,50,0.351,0.024240607559871175,0
3,1817,67,0.675,0.2008177355918518,0
5,1351,61,0.743,0.7123205452199867,0
3,0,22,0.692,1.0246136161631072,1
4,1608,55,0.528,0.057707021660826,0
5,0,47,0.516,0.1321783749020386,0
4,0,69,0.769,0.13463537641434062,0
2,0,18,1.0,0.04128301094179293,1
6,1285,33,1.2,0.4444714458451589,0
4,943,35,0.207,0.5426503349684096,0
4,0,70,0.591,0.04398115623625973,0
6,1475,46,1.3,-0.032947198517254875,0
4,1267,58,0.611,0.482234973080135,0
6,1003,46,0.586,0.039436519403976106,0
5,2103,48,1.087,0.057707021660826,0
5,1196,33,0.941,0.5396703028555236,0
3,907,55,0.719,0.07700474943476175,0
5,1668,34,0.478,0.12502227248163364,0
4,977,49,0.885,0.1321783749020386,0
3,926,15,0.364,-0.010932339028987164,1
5,0,48,0.92,0.550939329032111,0
6,1015,68,0.889,0.2008177355918518,0
5,1568,73,0.659,-0.022491220709624015,0
5,1884,39,0.625,0.4444714458451589,0
5,844,71,0.69,0.10807588009378928,0
4,0,54,0.688,0.5396703028555236,0
4,1305,43,0.265,0.039436519403976106,0
3,2375,43,0.536,-0.037491835349538497,0
4,0,85,0.667,0.5176554433672559,0
4,2159,35,0.75,0.15873787122258992,0
3,2154,35,0.667,0.037843549959627215,0
5,661,51,0.962,0.09742460508196794,0
6,1829,44,0.913,0.13672301173432222,0
6,1346,48,0.455,0.039436519403976106,0
5,2033,43,0.387,-0.037491835349538497,0
5,2162,47,0.382,0.6195786897219242,0
4,610,68,0.581,0.09287996824968432,0
4,1246,35,0.522,0.04398115623625973,0
6,1529,38,0.52,0.04128301094179293,0
6,0,61,1.103,0.2385812628268279,0
4,618,26,1.0,-0.037491835349538497,0
6,1986,50,0.724,0.482234973080135,0
1,0,35,0.522,-0.6587728656457198,1
5,0,81,0.8,0.6195786897219242,0
4,0,39,0.5,0.1458394073287654,0
4,1191,87,0.977,0.10807588009378928,0
5,917,35,0.591,0.06200413479484726,0
5,1699,53,0.656,0.0772000466389522,0
3,0,20,0.053,0.1458394073287654,1
6,1639,56,1.154,1.0246136161631072,0
3,0,78,0.696,0.2053623724241354,0
5,925,51,1.318,0.03114752534027468,0
5,0,64,0.778,0.04398115623625973,0
4,0,40,0.739,0.0772000466389522,0
4,1599,44,0.333,0.11943946457023565,0
5,1396,85,0.809,0.10807588009378928,0
3,1596,44,0.467,0.07904653817676903,0
3,909,48,1.182,0.4490160826774426,0
4,1153,65,0.625,0.06891105257525078,0
4,1698,32,1.0,0.482234973080135,0
6,0,34,1.125,0.0002716918854376263,0
4,873,72,0.674,0.05898177087617422,0
6,0,61,0.743,0.6043827778778192,0
6,2147,65,1.167,0.057707021660826,0
3,0,27,1.7,0.0772000466389522,0
5,1695,61,0.968,0.5131108065349722,0
5,827,49,1.042,0.2273772319124031,0
5,0,74,1.114,-0.5706404799777804,0
6,1965,70,1.0,0.47875371818630713,0
3,1579,43,0.72,0.47103094216571034,0
3,0,45,0.8,0.550939329032111,0
6,1864,50,0.852,0.0772000466389522,0
4,2517,46,1.3,0.10807588009378928,0
3,1702,53,0.71,0.039436519403976106,0
3,1699,43,0.536,0.6436811845301735,0
5,1130,52,0.926,0.04118699994771552,0
6,1409,38,0.652,0.5527858205699278,0
6,1815,62,0.879,0.0772000466389522,0
5,0,31,0.409,0.46141783823300336,0
4,1425,44,0.833,0.0002716918854376263,0
4,0,54,0.543,0.4444714458451589,0
5,0,74,0.762,0.5300571989228167,0
4,2167,49,0.485,0.1321783749020386,0
4,2360,57,0.781,0.039436519403976106,0
4,0,48,0.5,-0.037491835349538497,0
3,1226,59,0.735,0.5131108065349722,0
3,1623,51,0.275,0.039436519403976106,0
5,986,33,0.833,-0.39373178446689633,0
6,1414,57,0.727,0.6195786897219242,0
3,1680,35,0.667,0.13672301173432222,0
6,1177,66,0.784,0.5396703028555236,0
5,1982,50,1.381,0.13672301173432222,0
1,2089,26,0.238,0.06891105257525078,1
6,1544,34,0.789,0.1321783749020386,0
6,1190,40,0.481,0.04398115623625973,0
6,0,74,0.609,0.45947206048507344,0
4,0,28,0.647,0.14912476728988294,0
4,0,64,0.641,0.5176554433672559,0
4,1412,36,0.636,0.04128301094179293,0
6,896,52,0.857,0.13672301173432222,0
3,0,55,0.774,0.7123205452199867,1
4,0,55,0.667,0.03114752534027468,0
5,0,72,1.0,-0.09690119758462179,0
6,1023,80,0.778,0.21442067799160786,0
3,1347,55,0.719,0.10982636063752867,0
4,451,36,0.44,0.1458394073287654,0
5,1909,34,1.125,0.1321783749020386,0
3,2379,39,0.5,-0.010932339028987164,0
1,0,38,0.583,-0.16560555353659764,1
4,1466,48,0.846,0.05638291179182048,0
3,2077,47,0.621,-0.037491835349538497,0
3,0,10,0.25,0.5527858205699278,1
6,1798,70,0.556,0.07904653817676903,0
4,1698,42,0.448,0.6436811845301735,0
5,2308,39,1.053,0.1699419021370147,0
4,0,43,0.387,0.039436519403976106,0
5,1679,55,0.833,0.6043827778778192,0
4,1877,50,1.174,0.4444714458451589,0
6,0,39,0.857,1.0246136161631072,0
3,939,45,0.731,0.06784250726234427,0
5,1991,37,0.947,-0.010932339028987164,0
3,2150,37,1.312,0.13672301173432222,0
3,836,61,0.743,0.6043827778778192,0
6,0,63,1.032,-0.6807877251339876,0
3,0,75,0.829,0.6195786897219242,0
5,737,39,0.5,0.13463537641434062,0
6,2517,37,1.312,0.535743417188006,0
6,1410,61,0.649,0.2273772319124031,0
5,2073,42,0.75,-0.037491835349538497,0
4,1199,35,0.75,0.47103094216571034,0
5,1822,69,0.683,0.03114752534027468,0
2,0,22,0.0,0.04128301094179293,1
4,1460,38,0.462,0.6043827778778192,0
6,1162,43,0.536,0.6195786897219242,0
3,1773,27,0.929,-0.010932339028987164,0
3,0,63,0.703,0.6195786897219242,0
3,0,41,0.281,0.2008177355918518,0
3,2389,13,0.182,0.550939329032111,1
5,2307,29,1.071,-0.037491835349538497,0
5,1825,61,0.488,0.1321783749020386,0
5,1632,35,1.188,0.039436519403976106,0
4,1853,33,0.833,0.04128301094179293,0
3,2198,48,1.0,0.04398115623625973,0
5,2517,36,0.565,0.13672301173432222,0
3,1678,69,0.865,0.03114752534027468,0
4,1547,61,0.794,-0.20336908077157376,0
3,1198,63,0.5,0.6195786897219242,0
4,1051,80,0.6,0.10807588009378928,0
3,2152,62,0.676,0.10992237163160613,0
3,0,63,0.703,0.47401097427859634,0
3,0,89,0.712,-0.17680958445102238,0
5,1380,31,0.55,0.4490160826774426,0
5,1520,32,0.882,0.04398115623625973,0
3,1625,39,0.625,0.039436519403976106,0
4,0,70,0.842,0.5426503349684096,0
3,2192,57,0.966,0.4490160826774426,0
4,2021,57,0.676,-0.6084040072127566,0
3,1289,32,0.6,0.039436519403976106,0
4,2175,35,0.667,0.550939329032111,0
3,831,87,0.891,0.2008177355918518,0
3,1566,58,0.611,0.09742460508196794,0
6,1932,51,0.545,0.14768589886658223,0
4,1471,55,0.41,0.5508743337699483,0
5,2517,63,0.969,0.4444714458451589,0
4,1665,41,0.64,0.9559742554732938,0
3,1517,61,0.848,0.10807588009378928,0
6,828,44,0.294,0.1126205169260729,0
6,1188,47,0.382,-0.032947198517254875,0
6,0,68,0.478,0.09287996824968432,0
6,0,71,0.69,0.10807588009378928,0
5,0,67,0.763,0.12167882249354535,0
6,1920,49,1.042,0.06599601572452743,0
6,1812,86,0.911,0.2385812628268279,0
3,1428,26,0.238,0.12502227248163364,1
4,0,43,0.536,0.0772000466389522,0
4,1245,80,0.739,-0.19882444393929008,0
2,0,15,0.25,0.07904653817676903,1
5,1815,34,0.545,0.15873787122258992,0
6,925,63,0.75,0.5131108065349722,0
5,2517,36,0.714,-0.037491835349538497,0
6,0,47,1.136,0.13672301173432222,0
4,1463,50,0.724,-0.037491835349538497,0
3,2185,58,0.758,-0.17680958445102238,0
4,2491,50,0.667,-0.6084040072127566,0
3,1169,57,0.727,0.5131108065349722,0
3,1605,74,1.312,0.2008177355918518,0
2,2517,12,0.2,0.15873787122258992,1
4,681,57,0.727,-0.5647562609323091,0
4,1476,44,1.0,-0.037491835349538497,0
5,876,43,1.048,0.0356921621725583,0
3,0,36,0.8,0.4444714458451589,0
6,1629,30,0.5,0.4444714458451589,0
5,1251,37,0.48,0.024240607559871175,0
3,1010,47,0.679,0.06599601572452743,0
6,0,18,0.286,-0.037491835349538497,1
5,963,43,0.72,0.4444714458451589,0
6,0,58,0.657,0.0772000466389522,0
6,1259,52,0.625,0.0002716918854376263,0
6,1281,51,0.889,0.535743417188006,0
6,1968,70,0.591,0.13463537641434062,0
3,0,18,0.385,0.054885953341549,1
5,0,49,0.4,0.482234973080135,0
6,1220,49,0.4,0.0002716918854376263,0
3,1980,45,0.406,0.9559742554732938,0
6,1988,46,1.091,0.535743417188006,0
3,1075,57,0.629,-0.17680958445102238,0
6,1061,34,0.478,0.15873787122258992,0
6,1251,39,0.696,0.07904653817676903,0
6,2517,35,0.591,0.1699419021370147,0
4,2517,32,0.391,0.039436519403976106,0
6,1046,40,0.739,0.9559742554732938,0
5,584,87,0.706,-0.6084040072127566,0
6,1931,47,0.808,0.6043827778778192,0
6,504,65,0.625,0.5176554433672559,0
6,1599,37,0.542,0.1699419021370147,0
4,2411,31,0.824,0.13672301173432222,0
4,1266,58,0.568,0.6436811845301735,0
6,0,41,0.783,-0.032947198517254875,0
4,1748,57,0.541,0.6195786897219242,0
6,2312,33,1.062,0.550939329032111,0
5,1091,80,0.86,-0.5914576148249122,0
3,1157,38,0.727,0.4444714458451589,0
6,1274,26,0.3,0.4444714458451589,0
6,2517,75,0.923,0.4890115889185109,0
6,1402,61,0.794,0.1321783749020386,0
4,1665,61,0.564,-0.095054706046805,0
4,0,35,0.75,0.482234973080135,0
5,0,33,0.833,0.09742460508196794,0
3,2517,70,0.795,0.11943946457023565,0
4,1687,55,0.833,0.6436811845301735,0
5,1665,60,0.714,0.5131108065349722,0
4,0,70,0.892,0.7123205452199867,0
6,916,36,0.565,0.0002716918854376263,0
5,0,66,0.692,0.6195786897219242,0
6,2056,46,0.704,0.14912476728988294,0
6,1541,32,1.0,0.47401097427859634,0
3,0,31,0.476,0.10992237163160613,1
6,1149,61,0.794,0.2008177355918518,0
5,0,56,0.806,0.1458394073287654,0
4,2008,40,0.667,-0.037491835349538497,0
3,2008,73,0.622,-0.5914576148249122,0
4,1656,45,0.957,0.5527858205699278,0
5,1328,62,0.512,0.5131108065349722,0
4,1118,64,0.778,0.0772000466389522,0
6,1695,36,0.333,0.4444714458451589,0
3,0,65,0.548,0.30813372885656104,0
3,1533,73,0.659,1.0246136161631072,0
3,0,46,0.484,0.09742460508196794,0
6,1348,58,0.45,0.6195786897219242,0
5,1496,57,0.425,-0.010932339028987164,0
4,934,52,0.576,0.03114752534027468,0
5,1542,44,0.571,0.6436811845301735,0
5,998,29,0.318,0.1699419021370147,0
4,1899,48,1.0,0.04128301094179293,0
4,773,54,1.0,-0.010932339028987164,0
5,1227,33,0.737,0.05638291179182048,0
4,2300,71,0.578,0.11446700846388976,0
6,2092,69,0.865,-0.5156621517146941,0
3,1256,29,0.706,0.5396703028555236,0
4,629,37,0.762,0.039436519403976106,0
4,0,71,0.614,0.6195786897219242,0
5,1731,27,0.929,-0.3918852929290795,0
4,0,62,0.722,0.07700474943476175,0
6,1647,36,0.8,0.482234973080135,0
3,0,29,0.611,-0.004159342086559247,1
3,770,54,0.385,-0.6065575156749398,0
5,1640,34,0.889,0.13672301173432222,0
5,1188,59,0.639,0.550939329032111,0
5,1424,33,0.737,0.4444714458451589,0
3,0,17,0.133,0.0772000466389522,1
5,1794,37,0.542,0.039436519403976106,0
6,2156,36,0.44,0.0356921621725583,0
5,0,49,0.581,0.6043827778778192,0
4,0,59,0.341,0.057707021660826,0
4,2517,51,0.378,0.0772000466389522,0
3,0,21,0.4,0.4444714458451589,1
4,0,30,0.429,-0.5818445108922052,1
6,2378,49,0.441,0.06891105257525078,0
5,1670,51,0.545,0.5508743337699483,0
5,1322,41,0.952,0.1699419021370147,0
4,1359,48,0.455,-0.02054544296169411,0
4,2120,55,0.486,-0.032947198517254875,0
3,2399,48,0.655,0.039436519403976106,0
5,1168,43,0.72,0.04582764777407658,0
5,979,68,0.511,0.5426503349684096,0
6,1276,38,0.9,0.4444714458451589,0
4,1848,49,0.441,0.550939329032111,0
3,0,70,0.489,0.11943946457023565,0
4,0,62,0.55,0.10648291064944039,0
4,1775,52,0.625,-0.010932339028987164,0
6,979,61,0.968,0.04398115623625973,0
5,0,83,0.766,0.6195786897219242,0
4,1732,41,0.64,0.0002716918854376263,0
3,2149,49,0.69,0.6436811845301735,0
3,1092,39,0.56,0.13672301173432222,0
6,2489,79,0.549,0.10807588009378928,0
6,1338,55,0.774,0.1458394073287654,0
3,2055,49,0.531,0.03114752534027468,0
4,1987,72,0.714,1.0246136161631072,0
3,1542,56,0.6,0.5176554433672559,0
6,0,80,0.702,0.7123205452199867,0
6,1720,71,0.69,-0.5970404227363102,0
4,2036,33,0.941,0.550939329032111,0
4,2007,47,1.136,0.09287996824968432,0
3,0,65,0.585,0.09287996824968432,0
4,1118,31,0.55,0.5131108065349722,0
3,1810,68,0.789,0.0800074979262624,0
4,2069,57,0.781,0.037843549959627215,0
4,2092,43,0.344,0.4444714458451589,0
3,0,60,0.364,0.0772000466389522,0
5,2410,20,0.176,0.10807588009378928,1
5,1712,68,0.659,0.1126205169260729,0
5,2517,55,0.774,0.47401097427859634,0
6,1459,57,0.9,0.1699419021370147,0
6,1300,65,0.912,0.10992237163160613,0
6,1673,66,0.535,0.11446700846388976,0
5,2517,34,0.889,0.0772000466389522,0
4,1814,49,0.633,-0.5687939884399636,0
4,1437,31,0.938,0.4444714458451589,0
6,994,64,0.455,0.5176554433672559,0
6,2069,44,0.419,0.10807588009378928,0
1,0,23,0.533,0.6043827778778192,1
3,1740,51,0.7,0.1699419021370147,0
6,1285,46,0.769,-0.6853323619662711,0
3,1363,38,0.727,-0.02054544296169411,0
3,1591,36,0.714,0.4444714458451589,0
1,1696,20,0.429,0.0772000466389522,1
4,1990,57,0.357,0.1126205169260729,0
5,0,34,0.478,0.10807588009378928,1
3,1173,45,0.667,0.039436519403976106,0
5,1900,36,0.714,-0.01794658387734039,0
4,955,62,0.59,0.1458394073287654,0
4,947,58,0.611,0.2008177355918518,0
6,2001,59,0.595,0.2053623724241354,0
6,2027,42,0.68,0.4490160826774426,0
4,0,74,1.0,0.03114752534027468,0
3,542,78,0.857,0.13692111880974936,0
5,1945,33,0.941,0.04128301094179293,0
4,2517,46,0.917,0.1699419021370147,0
6,1430,30,1.308,0.039436519403976106,0
4,1389,54,0.636,0.039436519403976106,0
5,1517,38,0.357,0.6436811845301735,0
4,2517,57,0.727,0.550939329032111,0
5,1541,67,0.971,0.5267137489347283,0
4,1661,33,0.941,-0.037491835349538497,0
3,1573,38,0.727,0.15873787122258992,0
6,0,36,0.44,0.04398115623625973,0
6,1176,52,0.625,-0.037491835349538497,0
4,0,61,0.605,-0.026460385260689584,0
4,1969,60,0.714,0.4444714458451589,0
4,1630,33,0.32,0.04118699994771552,0
6,1180,69,0.605,0.0356921621725583,0
5,2095,56,0.75,0.04398115623625973,0
5,1209,49,1.882,0.535743417188006,0
5,2517,31,0.348,0.039436519403976106,0
6,1461,71,0.775,-0.16560555353659764,0
4,1250,60,0.463,0.621425181259741,0
6,797,74,0.574,0.12502227248163364,0
5,0,67,0.634,0.5426503349684096,0
4,2349,57,0.541,0.2008177355918518,0
3,0,61,0.694,0.4444714458451589,0
4,1841,58,1.148,0.6436811845301735,0
3,938,65,0.757,0.10807588009378928,0
3,2286,57,0.462,0.6043827778778192,0
4,1236,69,0.865,0.13064349548466045,0
3,1874,47,1.35,0.057707021660826,0
5,1873,48,0.655,0.4444714458451589,0
4,666,60,0.875,-0.5858363918218854,0
3,526,55,0.618,0.550939329032111,0
6,2301,33,0.65,0.1321783749020386,0
5,1305,72,0.674,0.7123205452199867,0
3,1799,72,0.636,1.0246136161631072,0
5,1909,52,1.08,-0.010932339028987164,0
5,1611,41,0.464,0.5396703028555236,0
6,835,40,0.379,0.5176554433672559,0
6,0,18,0.2,-0.037491835349538497,1
3,2227,61,0.848,0.1321783749020386,0
3,704,63,0.537,0.13463537641434062,0
5,976,53,0.395,1.0246136161631072,0
4,1495,42,0.75,0.47103094216571034,0
4,1806,78,0.95,0.09287996824968432,0
3,1185,67,0.861,0.5508743337699483,0
4,1583,73,0.738,0.658681799170088,0
3,2517,32,1.133,0.06599601572452743,0
6,2078,58,0.871,0.1458394073287654,0
6,2264,49,0.485,0.0582294033296373,0
4,1398,73,0.872,0.6195786897219242,0
3,2379,63,0.853,0.5508743337699483,0
3,2517,54,0.8,-0.5818445108922052,0
3,1915,33,1.062,0.47401097427859634,0
4,2517,47,1.35,0.9559742554732938,0
6,1344,71,0.732,0.5396703028555236,0
3,0,66,0.65,-0.5156621517146941,0
6,1263,69,0.643,0.6195786897219242,0
5,1741,67,1.03,0.1458394073287654,0
3,2282,74,0.85,0.5300571989228167,0
3,2160,56,0.6,0.1126205169260729,0
3,1440,77,0.453,0.10807588009378928,0
5,1977,69,0.605,0.5300571989228167,0
3,0,59,1.034,0.09742460508196794,0
5,1451,38,0.81,0.1321783749020386,0
6,0,103,0.635,-0.5818445108922052,0
3,1226,58,1.0,0.0002716918854376263,0
3,0,72,0.674,-0.09690119758462179,0
4,0,47,1.136,0.1321783749020386,0
4,2152,53,0.767,0.06891105257525078,0
3,592,15,0.154,0.024240607559871175,1
6,1802,49,0.581,0.039436519403976106,0
3,1240,31,0.824,0.4490160826774426,0
6,1427,54,0.421,1.0246136161631072,0
3,1731,63,0.575,-0.0055448283217796115,0
6,1365,56,1.0,0.03114752534027468,0
5,1527,26,0.444,0.45807438824491503,0
6,1048,59,0.595,0.10992237163160613,0
6,1823,58,0.812,0.1126205169260729,0
6,1645,59,0.903,0.21442067799160786,0
5,726,64,1.207,0.09287996824968432,0
6,2259,67,1.31,0.5131108065349722,0
5,1933,58,0.706,0.0772000466389522,0
4,0,48,1.087,0.04128301094179293,0
6,0,67,0.457,-0.20336908077157376,0
6,1480,56,0.806,0.47401097427859634,0
3,1535,77,0.878,-0.5858363918218854,0
3,1677,58,1.071,-0.647568834731295,0
1,168,10,0.429,0.13672301173432222,1
3,2286,51,0.457,0.13672301173432222,0
6,1243,58,0.657,0.13672301173432222,0
6,1188,46,0.394,0.5527858205699278,0
3,2231,45,1.647,0.04128301094179293,0
5,633,77,0.604,0.6195786897219242,0
4,0,83,0.93,0.5508743337699483,0
6,956,50,0.471,0.13064349548466045,0
6,1942,76,0.583,0.03114752534027468,0
3,2326,69,1.3,0.14768589886658223,0
4,1535,49,0.485,0.10807588009378928,0
3,1251,73,0.622,0.1458394073287654,0
3,1655,63,0.5,-0.5706404799777804,0
4,1691,40,0.739,0.47401097427859634,0
4,2130,61,0.794,-0.5818445108922052,0
3,927,83,0.804,0.6195786897219242,0
3,1750,54,0.862,0.47103094216571034,0
5,1463,49,0.485,-0.037491835349538497,0
5,1338,67,0.595,0.10807588009378928,0
4,2130,49,0.441,0.4490160826774426,0
4,1176,52,0.857,0.10807588009378928,0
6,1328,61,0.649,0.05638291179182048,0
6,1443,62,0.938,0.5426503349684096,0
3,1518,62,0.771,0.1321783749020386,0
4,2517,64,0.778,0.13463537641434062,0
3,1650,37,0.947,0.4490160826774426,0
5,1510,48,0.92,0.04582764777407658,0
5,1813,28,0.647,0.039436519403976106,0
6,789,61,0.525,-0.4049358153813211,0
4,1635,59,0.553,0.12502227248163364,0
3,1200,40,0.538,-0.032947198517254875,0
4,0,67,0.426,0.2385812628268279,0
3,1954,52,0.486,0.16412538192979745,0
5,1316,57,1.036,0.0772000466389522,0
4,1445,48,1.0,-0.010932339028987164,0
4,2029,72,0.6,0.03114752534027468,0
6,0,49,0.815,0.10807588009378928,0
3,1090,69,0.816,0.10807588009378928,0
6,1338,60,0.579,-0.004159342086559247,0
6,1027,84,0.867,0.10807588009378928,0
3,1887,68,0.7,0.1235253140313622,0
3,1539,51,0.889,0.0356921621725583,0
3,1990,65,0.912,0.2053623724241354,0
5,1081,44,1.75,0.46141783823300336,0
5,840,73,0.698,0.2273772319124031,0
4,1578,49,1.042,0.550939329032111,0
5,1935,61,0.525,-0.09690119758462179,0
6,1961,68,0.789,-0.5706404799777804,0
3,0,91,0.896,0.12167882249354535,0
4,2517,70,1.059,0.2385812628268279,0
5,1607,62,1.0,0.6195786897219242,0
5,1847,43,0.593,0.1321783749020386,0
6,1257,74,0.48,0.2385812628268279,0
3,2051,63,0.703,0.7123205452199867,0
5,1259,53,0.514,0.550939329032111,0
3,2168,86,0.792,0.13463537641434062,0
5,1638,46,0.917,0.30813372885656104,0
6,1608,64,0.778,0.6195786897219242,0
5,0,93,0.755,-0.5156621517146941,0
5,1581,96,0.846,-0.3387534562038099,0
3,1232,64,0.882,0.03924122219978564,0
3,969,86,0.623,0.5131108065349722,0
3,1903,67,0.763,0.10807588009378928,0
4,1655,81,0.884,1.0246136161631072,0
4,2517,28,0.273,0.47103094216571034,1
3,1108,67,0.675,0.05638291179182048,0
3,1381,69,0.408,0.024240607559871175,0
4,2517,51,0.5,0.5267137489347283,0
3,1524,96,0.846,0.6043827778778192,0
5,2018,35,0.667,0.1458394073287654,0
3,1732,46,0.704,0.5131108065349722,0
3,1199,57,0.9,0.1321783749020386,0
4,0,50,0.429,0.2385812628268279,0
5,2229,52,0.625,0.9559742554732938,0
3,1017,79,0.519,-0.5818445108922052,0
3,1629,53,1.038,-0.032947198517254875,0
5,873,37,0.321,0.10982636063752867,0
5,910,72,0.674,-0.5858363918218854,0
6,0,39,1.167,0.47401097427859634,0
6,0,42,0.312,1.0246136161631072,0
6,1758,46,1.0,1.0246136161631072,0
3,0,62,0.771,0.10992237163160613,0
3,2159,51,0.7,0.10807588009378928,0
5,1572,73,0.659,0.6195786897219242,0
6,957,81,0.653,0.7123205452199867,0
4,734,38,0.652,0.04398115623625973,0
4,1377,60,0.714,0.1458394073287654,0
2,1070,85,0.635,0.47103094216571034,0
6,1776,45,0.875,-0.037491835349538497,0
2,1421,47,0.741,-0.010932339028987164,0
3,0,62,1.0,0.05080010388042247,0
5,1223,57,0.629,0.12502227248163364,0
6,1181,70,0.795,0.04475046774003075,0
3,2098,54,0.688,-0.17680958445102238,0
6,1345,46,0.586,0.0002716918854376263,0
3,1482,67,0.971,0.11943946457023565,0
5,2517,56,1.0,-0.02054544296169411,0
4,1491,60,0.935,-0.5929545732751836,0
4,1779,60,0.579,0.04582764777407658,0
5,1205,49,0.361,0.1126205169260729,0
5,0,77,0.604,0.5131108065349722,0
5,1587,70,0.795,0.14717898954195308,0
3,0,62,0.771,0.1126205169260729,0
6,1748,52,0.486,0.1126205169260729,0
6,1781,62,0.879,-0.6807877251339876,0
5,0,60,0.622,-0.6853323619662711,0
4,928,59,0.686,0.1126205169260729,0
6,1270,93,0.824,0.1126205169260729,0
3,1620,60,0.463,0.0002716918854376263,0
5,1952,81,0.841,0.2273772319124031,0
6,0,57,0.727,0.11943946457023565,0
6,1116,62,0.879,-0.5687939884399636,0
4,2462,74,0.721,0.10992237163160613,0
4,2230,42,0.448,0.04398115623625973,0
5,890,70,0.892,-0.5818445108922052,0
4,1480,60,0.364,-0.5970404227363102,0
3,1786,88,0.796,0.2053623724241354,0
6,1716,61,0.649,0.2385812628268279,0
4,1586,57,0.781,0.9559742554732938,0
3,0,68,0.659,0.6195786897219242,0
6,2090,77,1.081,0.6043827778778192,0
5,1176,52,0.857,0.4444714458451589,0
6,2354,48,1.182,0.05638291179182048,0
5,1217,99,0.707,0.10807588009378928,0
4,0,55,0.618,0.03114752534027468,0
6,1435,85,0.809,-0.008888278309867943,0
5,0,55,0.964,0.04809391772811908,0
6,2517,63,0.75,0.5131108065349722,0
4,0,73,0.659,-0.3754458098658643,0
4,1583,71,0.69,0.08099663036444192,0
4,774,74,0.805,-0.647568834731295,0
4,1006,57,0.9,0.5426503349684096,0
3,1945,77,1.139,0.09742460508196794,0
4,0,87,0.891,-0.6084040072127566,0
5,0,50,0.613,0.06599601572452743,0
6,1592,49,0.633,0.04398115623625973,0
4,1263,65,0.806,-0.022491220709624015,0
3,2514,45,0.731,0.0772000466389522,0
6,1857,66,0.941,0.6043827778778192,0
6,2517,71,0.543,-0.6235999190568615,0
3,1515,77,0.638,0.2273772319124031,0
6,1749,34,0.619,0.1699419021370147,0
4,1217,49,0.256,0.1321783749020386,0
5,0,68,0.619,0.2273772319124031,0
3,1966,45,0.607,0.04398115623625973,0
3,0,59,0.903,0.0772000466389522,0
4,948,67,0.763,0.5659399436720255,0
6,1821,40,0.481,0.2273772319124031,1
5,0,92,0.586,0.621425181259741,0
4,1402,53,0.514,0.053039461803732174,0
3,1193,33,0.5,0.550939329032111,0
3,0,63,0.432,0.2008177355918518,0
6,1793,78,0.472,0.658681799170088,0
6,2135,63,0.703,0.0356921621725583,0
4,0,80,0.778,0.7123205452199867,0
6,1500,60,0.818,-0.5038790296231034,0
4,1929,63,1.032,1.0246136161631072,0
4,1367,92,1.0,0.1458394073287654,0
3,724,65,0.806,0.10807588009378928,0
6,0,73,0.659,0.03114752534027468,0
4,1028,72,0.565,0.2008177355918518,0
3,0,59,0.788,0.10992237163160613,0
4,1704,65,0.806,0.2385812628268279,0
4,2049,74,0.609,0.0544371340438906,0
3,0,72,0.532,0.2008177355918518,0
3,2464,62,0.722,0.10807588009378928,0
3,2517,46,1.0,0.039436519403976106,0
6,1650,67,0.763,0.09220066127886671,0
4,0,43,0.654,0.6195786897219242,0
3,1754,69,0.468,0.9559742554732938,0
3,719,59,0.595,0.2008177355918518,0
5,1560,41,0.783,0.1321783749020386,0
5,1656,64,0.6,0.1458394073287654,0
5,0,84,0.75,-0.5156621517146941,0
3,2139,67,0.763,0.5527858205699278,0
3,238,40,0.905,0.04582764777407658,1
6,673,64,0.524,0.03924122219978564,0
5,0,54,0.929,0.2273772319124031,1
3,1710,65,0.585,0.03114752534027468,0
6,0,59,1.107,0.0818539894640792,0
3,2517,73,1.212,0.7123205452199867,0
4,0,69,0.917,0.10807588009378928,0
5,0,68,0.838,0.5426503349684096,0
5,1272,34,0.545,-0.037491835349538497,0
5,848,72,0.565,0.13064349548466045,0
5,1002,46,1.0,0.06200413479484726,0
4,0,69,0.533,0.04809391772811908,0
6,2049,80,0.6,0.14768589886658223,0
4,1426,80,0.481,0.5508743337699483,0
6,798,82,0.708,-0.3918852929290795,0
2,580,41,0.171,0.04398115623625973,1
3,1319,71,0.543,-0.4421465867136938,0
5,1054,36,1.571,0.003079143172747791,0
5,754,71,0.919,0.2273772319124031,0
6,1254,64,0.641,0.5396703028555236,0
5,1829,46,1.0,0.039436519403976106,0
5,1421,80,0.86,0.5396703028555236,0
5,2289,68,0.388,0.11446700846388976,0
4,1115,53,0.514,0.057707021660826,0
3,0,53,0.828,0.5267137489347283,0
6,737,80,0.633,0.13463537641434062,0
6,2098,76,0.689,-0.5038790296231034,0
6,1961,65,0.667,0.5267137489347283,0
3,795,59,1.034,0.1126205169260729,0
6,889,73,0.46,0.621425181259741,0
5,1854,74,0.542,-0.43149531170187244,0
3,0,32,0.455,0.057707021660826,1
3,1845,65,0.806,-0.5914576148249122,0
5,1317,81,0.884,0.10807588009378928,0
3,2517,73,0.78,0.5176554433672559,0
6,1848,66,0.833,-0.5156621517146941,0
1,633,46,0.394,0.2008177355918518,1
3,2517,63,1.032,0.5176554433672559,0
3,1281,34,0.619,0.039436519403976106,0
5,0,76,0.689,0.4764184528729179,0
3,1846,44,1.095,-0.6242792260276792,0
6,1819,84,0.909,-0.021915748428405907,0
3,0,44,0.913,0.039436519403976106,1
4,0,55,0.618,-0.008888278309867943,0
6,1015,82,0.708,0.6195786897219242,0
4,0,55,0.667,0.10992237163160613,0
5,1229,35,0.296,0.10992237163160613,1
3,2386,66,0.692,0.7123205452199867,0
3,1793,82,0.783,-0.03274909144182776,0
3,2055,74,0.51,0.06891105257525078,0
3,1165,96,0.714,-0.19882444393929008,0
3,2296,47,1.043,-0.6084040072127566,0
5,1983,59,0.903,0.5176554433672559,0
5,765,64,0.641,0.13648186795215747,0
4,1306,74,0.682,0.10807588009378928,0
3,1348,75,0.596,0.5131108065349722,0
3,0,73,0.659,-0.48186417013483573,0
4,0,47,0.808,0.21442067799160786,0
2,1721,32,0.391,0.011303141974286524,1
6,0,73,0.327,0.16412538192979745,0
3,1325,65,0.477,-0.4049358153813211,0
3,2517,76,0.727,0.06481158608215745,0
6,787,58,0.568,0.06599601572452743,0
5,1747,56,0.867,0.06891105257525078,0
5,1614,78,0.733,0.1458394073287654,0
4,1452,49,1.13,0.04592974385542623,0
4,1053,72,0.756,0.06599601572452743,0
5,569,82,0.577,0.5426503349684096,0
1,1706,57,0.676,0.6043827778778192,1
6,0,64,0.829,0.004068275610927308,0
3,0,74,0.574,0.10807588009378928,0
3,570,45,0.25,0.09287996824968432,1
2,0,36,0.385,0.10807588009378928,1
3,2517,71,0.919,0.535743417188006,0
6,1671,77,0.878,0.6195786897219242,0
5,1566,53,0.893,0.1849425167769292,0
2,0,42,0.5,0.1321783749020386,1
4,1735,89,0.935,0.5508743337699483,0
6,943,72,0.674,0.1321783749020386,0
5,1977,85,0.809,0.2008177355918518,0
4,1246,66,0.737,0.09287996824968432,0
6,1504,72,0.6,0.30813372885656104,0
2,1129,31,0.476,-0.3342088193715263,1
6,1475,60,0.935,0.7123205452199867,0
6,0,81,1.077,1.0246136161631072,0
3,1660,33,1.062,0.0772000466389522,0
4,0,71,0.69,0.13463537641434062,0
3,1600,70,0.628,0.7123205452199867,0
4,1366,66,0.571,0.6195786897219242,0
6,986,75,0.667,0.12167882249354535,0
3,2216,67,0.489,0.6195786897219242,0
4,2496,58,1.071,0.12502227248163364,0
3,1103,65,0.625,0.5131108065349722,0
6,0,75,0.596,1.0246136161631072,0
3,0,41,0.577,0.3953773366275439,1
4,610,65,0.585,0.09287996824968432,0
3,1110,69,0.5,0.5131108065349722,0
5,0,77,0.571,0.06599601572452743,0
3,1829,83,1.024,0.04128301094179293,0
4,0,88,0.63,0.1126205169260729,0
3,0,74,0.542,0.039436519403976106,0
4,1118,89,0.648,0.2273772319124031,0
2,1933,36,0.385,0.10807588009378928,1
3,0,89,0.935,-0.6235999190568615,0
4,1567,78,0.733,0.039436519403976106,0
2,0,45,0.406,0.10807588009378928,1
6,1708,89,0.745,0.1458394073287654,0
1,321,40,0.29,0.5396703028555236,1
4,0,73,0.872,0.039436519403976106,0
5,2340,82,0.708,0.039436519403976106,0
5,2493,90,0.765,0.04398115623625973,0
6,2517,74,0.644,0.482234973080135,0
4,2000,83,0.596,0.4444714458451589,0
3,470,77,0.604,-0.02054544296169411,0
4,0,73,0.521,0.024240607559871175,0
3,1399,84,0.68,0.057707021660826,0
3,1671,66,0.571,-0.508423666455387,0
3,1243,65,0.548,-0.43149531170187244,0
5,0,63,0.909,0.0772000466389522,0
3,1833,72,0.846,0.6195786897219242,0
4,2085,80,0.86,0.6195786897219242,0
6,1725,79,0.646,0.2008177355918518,0
5,1172,84,0.75,0.09287996824968432,0
3,1663,68,0.511,0.4640166973173571,0
6,1970,82,0.952,0.10648291064944039,0
3,0,47,0.567,0.039436519403976106,1
5,1055,67,0.675,0.024240607559871175,0
5,0,80,0.702,0.003079143172747791,0
4,0,56,1.0,-0.508423666455387,0
6,0,71,0.479,0.03114752534027468,0
4,0,35,0.25,0.10807588009378928,1
3,1093,89,0.854,0.6043827778778192,0
3,746,77,0.878,1.0246136161631072,0
6,1120,79,0.795,0.21442067799160786,0
4,0,81,0.841,-0.20336908077157376,0
4,803,74,0.721,0.5508743337699483,0
4,1488,92,0.878,0.6195786897219242,0
3,1179,67,0.718,0.13064349548466045,0
3,2432,32,0.103,0.5508743337699483,1
4,1869,91,0.655,0.13463537641434062,0
6,0,81,0.653,0.550939329032111,0
6,0,52,0.926,-0.6190552822245778,0
6,0,76,0.767,1.0246136161631072,0
4,1160,71,1.29,0.4444714458451589,0
4,0,89,0.712,0.550939329032111,0
5,984,77,0.925,0.550939329032111,0
5,2216,75,0.562,0.039436519403976106,0
4,1793,75,0.923,-0.47066013922041094,0
4,856,92,0.736,0.04398115623625973,0
5,1114,66,0.833,0.0772000466389522,0
6,1370,79,0.927,0.10807588009378928,0
6,792,80,0.702,0.09742460508196794,0
4,2087,66,0.61,0.024240607559871175,0
4,1646,80,0.509,0.10807588009378928,0
3,0,43,0.536,0.5508743337699483,1
6,1554,71,0.651,0.45807438824491503,0
3,1536,47,0.469,0.10807588009378928,1
5,918,69,0.605,-0.6084040072127566,0
5,1302,63,0.75,0.1458394073287654,0
2,0,43,0.593,0.09742460508196794,1
6,1486,88,0.692,0.6195786897219242,0
3,975,59,0.735,0.5176554433672559,1
5,1561,53,1.65,0.1321783749020386,0
3,1272,86,0.911,0.13064349548466045,0
5,0,82,0.864,-0.037491835349538497,0
2,0,53,0.606,0.2053623724241354,1
4,900,76,0.9,0.550939329032111,0
5,2331,68,0.511,0.5176554433672559,0
5,1102,87,0.673,0.1235253140313622,0
4,938,64,0.73,0.4850424243674453,0
6,0,64,0.829,0.10807588009378928,0
6,1731,71,0.732,0.12502227248163364,0
5,2137,68,0.511,0.5508743337699483,0
5,1147,78,0.696,0.03114752534027468,0
2,1791,42,0.75,0.13463537641434062,1
6,0,78,0.625,0.13064349548466045,0
5,964,87,0.642,0.7123205452199867,0
3,0,41,0.708,0.039436519403976106,1
4,0,79,0.756,0.13648186795215747,0
3,0,43,0.654,0.10807588009378928,1
6,1404,77,0.878,0.06200413479484726,0
6,1709,69,0.816,0.5131108065349722,0
3,1146,72,0.714,0.0772000466389522,0
2,0,35,0.346,0.1126205169260729,1
3,2258,67,0.675,1.0246136161631072,0
5,1302,73,0.698,0.535743417188006,0
4,941,81,1.025,0.10992237163160613,0
6,845,76,0.689,0.09742460508196794,0
5,0,70,0.628,0.5131108065349722,0
1,2517,43,0.344,0.2053623724241354,1
4,2517,74,1.0,0.05638291179182048,0
3,2100,71,0.821,0.1458394073287654,0
5,1405,72,0.674,-0.20336908077157376,0
6,2126,60,0.818,0.09287996824968432,0
4,1345,73,0.49,0.5131108065349722,0
4,1537,76,1.0,0.4490160826774426,0
6,0,51,0.594,0.06200413479484726,1
5,771,76,0.767,0.46141783823300336,0
3,0,83,0.766,0.4444714458451589,0
5,2204,85,0.771,0.2008177355918518,0
5,1407,79,0.975,0.4490160826774426,0
6,0,69,0.725,0.0002716918854376263,0
4,0,61,0.649,-0.508423666455387,0
2,2517,39,0.393,0.039436519403976106,1
4,1458,61,0.743,0.1458394073287654,0
3,1804,59,0.639,-0.010932339028987164,0
4,1176,61,0.906,0.2053623724241354,0
3,1074,32,0.524,0.04398115623625973,1
6,0,34,0.789,-0.5914576148249122,1
5,1177,68,0.659,0.46141783823300336,0
3,1775,68,0.545,0.5508743337699483,0
3,2517,55,0.897,-0.42974483115813306,1
4,2218,90,0.667,0.6436811845301735,0
5,0,62,0.722,0.4850424243674453,0
5,1687,52,1.167,0.482234973080135,0
3,0,49,0.69,0.5508743337699483,1
5,2213,81,0.8,0.550939329032111,0
6,2517,47,0.621,0.14768589886658223,1
3,0,39,0.625,0.04398115623625973,1
4,987,67,0.914,-0.6084040072127566,0
5,668,78,0.773,0.10807588009378928,0
4,2005,72,0.756,0.04582764777407658,0
3,0,65,0.711,-0.11209710942872675,0
5,985,78,0.857,0.12167882249354535,0
4,886,42,0.312,0.053039461803732174,1
4,576,48,0.6,0.1458394073287654,1
6,0,70,0.795,0.5131108065349722,0
3,0,46,0.586,0.6195786897219242,1
1,2517,46,0.586,0.5508743337699483,1
6,1814,64,0.641,0.06599601572452743,0
4,1091,67,0.718,0.9559742554732938,0
4,2199,45,0.5,0.47103094216571034,1
3,2517,47,0.621,-0.6084040072127566,1
3,0,39,0.444,0.6043827778778192,1
6,0,44,0.517,-0.5706404799777804,1
6,2010,77,0.711,0.09287996824968432,0
3,2446,78,0.95,0.12502227248163364,0
5,0,35,0.591,0.039436519403976106,1
6,1274,100,0.786,0.03114752534027468,0
4,0,52,0.486,1.0246136161631072,1
6,1184,66,0.784,0.06891105257525078,0
3,1885,65,0.711,0.5426503349684096,0
6,538,73,0.659,0.10807588009378928,0
5,0,72,0.636,0.039436519403976106,0
5,2517,41,0.519,-0.43149531170187244,1
4,720,93,0.898,0.6195786897219242,0
5,838,62,0.722,0.0772000466389522,0
3,2312,36,0.5,0.1458394073287654,1
3,0,69,0.568,0.13064349548466045,0
5,0,65,0.667,0.039436519403976106,0
4,949,65,0.667,0.039436519403976106,0
3,1151,84,0.714,-0.010932339028987164,0
6,647,64,0.684,0.0772000466389522,0
3,2031,79,0.975,0.1458394073287654,0
3,0,74,0.644,0.9559742554732938,0
4,0,40,0.538,-0.5858363918218854,1
4,0,33,0.435,0.9559742554732938,1
3,1303,76,0.617,0.06200413479484726,0
3,1011,71,0.868,0.06599601572452743,0
4,642,90,0.698,0.6043827778778192,0
3,604,75,0.974,0.039436519403976106,0
3,1148,84,0.615,0.1458394073287654,0
5,0,55,0.833,0.9559742554732938,1
6,0,71,0.578,0.09287996824968432,0
4,2217,74,0.721,0.039436519403976106,0
5,729,65,0.806,0.1458394073287654,0
4,0,51,0.5,0.039436519403976106,1
4,1161,85,0.518,0.039436519403976106,0
5,431,46,0.438,0.10807588009378928,1
6,2459,65,0.625,0.1126205169260729,0
4,802,74,0.574,0.6195786897219242,0
6,0,87,0.812,0.6436811845301735,0
1,811,46,0.278,0.10807588009378928,1
4,1740,81,0.841,0.6195786897219242,0
1,0,50,0.923,0.5131108065349722,1
6,1018,86,0.72,0.21442067799160786,0
5,1940,90,0.636,0.1126205169260729,0
4,2323,86,0.593,0.482234973080135,0
5,1028,71,0.578,0.09287996824968432,0
5,780,81,0.588,0.024240607559871175,0
6,598,81,0.929,0.11943946457023565,0
4,792,40,0.429,1.0246136161631072,1
5,0,86,0.686,0.6195786897219242,0
4,1280,81,0.841,0.5131108065349722,0
3,1032,72,0.8,0.09742460508196794,0
6,1565,68,0.838,0.10807588009378928,0
3,1109,78,0.733,0.6195786897219242,0
4,0,52,0.857,0.028785244392154796,1
6,1994,89,0.712,0.13064349548466045,0
3,0,82,0.608,0.535743417188006,0
6,857,78,0.696,-0.6235999190568615,0
3,347,37,0.321,0.12502227248163364,1
4,1846,74,0.644,0.10807588009378928,0
5,0,46,0.438,0.053039461803732174,1
6,0,40,0.379,0.13672301173432222,1
4,862,83,0.694,0.15873787122258992,0
6,1626,81,0.588,0.13064349548466045,0
5,1899,86,0.792,0.5131108065349722,0
5,722,53,1.12,0.47103094216571034,0
3,2517,89,0.78,0.9559742554732938,0
6,1338,79,0.756,0.039436519403976106,0
6,0,43,0.654,0.10807588009378928,1
4,1175,75,0.875,0.10807588009378928,0
4,1293,61,0.694,0.011303141974286524,1
6,0,91,0.784,0.47401097427859634,0
4,0,82,0.673,0.10992237163160613,0
4,0,48,0.297,0.6043827778778192,1
5,1528,52,0.486,-0.023888892949782414,1
3,0,43,0.593,0.1126205169260729,1
5,1503,68,0.659,0.13463537641434062,0
5,761,91,0.75,0.13463537641434062,0
4,599,76,0.9,0.10807588009378928,0
5,0,60,0.622,0.13463537641434062,0
5,0,82,0.822,0.04398115623625973,0
4,1730,64,0.684,0.5131108065349722,0
3,2093,70,0.667,0.1126205169260729,0
5,1291,88,0.63,0.05638291179182048,0
6,0,84,0.787,0.6195786897219242,0
6,1607,70,0.591,0.6043827778778192,0
4,919,82,1.0,1.0246136161631072,0
5,1604,74,0.574,0.13064349548466045,0
5,1886,74,0.682,0.0772000466389522,0
5,0,69,0.643,-0.4201317272254261,0
4,2084,83,1.075,0.46141783823300336,0
4,0,74,0.762,0.1458394073287654,0
5,790,59,0.735,0.039436519403976106,0
3,962,69,0.725,0.039436519403976106,0
5,0,72,0.946,0.12167882249354535,0
4,1156,64,0.684,-0.6084040072127566,0
3,606,80,0.818,0.053039461803732174,0
3,670,83,0.804,0.0772000466389522,0
6,917,66,0.61,0.2008177355918518,0
5,0,75,0.923,0.6195786897219242,0
4,1247,71,0.614,-0.4145489193140281,0
5,0,82,0.822,-0.42974483115813306,0
5,1617,62,1.067,0.4444714458451589,0
4,2170,77,0.674,0.07904653817676903,0
4,1761,89,0.648,0.10807588009378928,0
6,1301,71,1.219,0.10807588009378928,0
3,1356,81,0.884,-0.6084040072127566,0
4,996,85,0.771,0.06200413479484726,0
5,724,79,0.837,0.0356921621725583,0
6,1746,85,0.771,0.039436519403976106,0
5,1789,75,0.829,0.053039461803732174,0
4,1459,69,0.643,0.10807588009378928,0
5,905,69,0.5,0.10648291064944039,0
2,1599,49,0.361,0.06784250726234427,1
4,1003,84,0.714,0.6195786897219242,0
3,1587,79,0.837,0.04398115623625973,0
3,0,60,0.622,0.1126205169260729,1
4,0,82,0.745,0.482234973080135,0
6,759,86,0.72,0.482234973080135,0
5,1559,83,0.694,0.12167882249354535,0
3,1066,78,0.857,0.024240607559871175,0
6,1682,69,0.5,0.5527858205699278,0
3,0,44,0.517,0.9559742554732938,1
5,1826,74,0.721,0.10807588009378928,0
5,1913,69,0.568,0.1321783749020386,0
3,0,85,0.635,0.10807588009378928,0
6,1322,70,0.628,0.09287996824968432,0
5,0,45,0.364,0.10807588009378928,1
3,0,85,0.809,0.4490160826774426,0
4,1157,82,0.745,0.6043827778778192,0
4,1612,77,1.026,0.003079143172747791,0
6,0,44,0.571,0.5176554433672559,1
6,0,65,1.321,0.04398115623625973,0
3,0,39,0.393,0.1126205169260729,1
3,0,73,0.78,0.4444714458451589,0
3,2481,76,0.689,0.9559742554732938,0
3,1340,39,0.345,0.550939329032111,1
3,0,82,0.64,0.1126205169260729,0
6,1513,77,0.833,0.05638291179182048,0
6,1643,69,0.643,0.1699419021370147,0
2,1965,46,0.353,0.4444714458451589,1
3,1306,78,0.814,0.028785244392154796,0
4,1141,88,0.76,1.0246136161631072,0
1,0,36,0.161,0.039436519403976106,1
5,0,47,0.567,-0.6190552822245778,1
3,1510,77,0.833,-0.6038593703804729,0
5,634,79,0.837,0.05080010388042247,0
4,2307,90,0.698,0.30813372885656104,0
3,2143,78,0.733,0.47103094216571034,0
6,1826,68,1.0,0.6043827778778192,0
6,0,82,0.952,0.1458394073287654,0
5,2003,86,0.72,-0.6235999190568615,0
5,0,44,0.375,0.10807588009378928,1
3,0,81,0.8,-0.09690119758462179,0
3,1937,85,0.809,0.04398115623625973,0
6,1189,60,0.818,0.10807588009378928,0
6,1468,88,0.692,0.4444714458451589,0
6,1204,84,0.826,0.0772000466389522,0
5,0,67,0.763,0.09287996824968432,0
3,871,59,0.844,0.06599601572452743,0
4,687,73,1.147,0.06599601572452743,0
5,0,44,0.63,0.6195786897219242,1
2,0,56,1.0,0.6195786897219242,1
4,1136,87,0.776,0.2385812628268279,0
6,1602,78,0.814,-0.4269506748695888,0
5,891,59,0.967,0.0544371340438906,0
6,1647,44,0.63,0.1126205169260729,1
5,0,59,0.788,0.10807588009378928,1
6,0,83,0.93,0.13463537641434062,0
3,0,47,0.119,0.039436519403976106,1
6,1682,81,0.8,-0.5858363918218854,0
3,0,70,0.795,0.4490160826774426,0
4,0,46,0.353,0.5267137489347283,1
5,1115,65,0.857,-0.037491835349538497,0
3,1270,84,0.826,0.550939329032111,0
4,0,81,0.761,0.1458394073287654,0
5,0,63,0.703,0.05638291179182048,1
5,0,40,0.6,0.1126205169260729,1
3,1204,82,0.783,-0.4178923693021164,0
4,864,64,0.829,-0.6038593703804729,0
4,0,78,0.857,0.0356921621725583,0
6,750,79,0.837,0.10807588009378928,0
6,2124,87,0.776,-0.3009899289688338,0
5,0,43,0.72,0.0002716918854376263,1
5,2414,74,0.682,-0.037491835349538497,0
6,1434,66,0.65,0.09287996824968432,0
3,2517,46,0.586,0.04475046774003075,1
6,1903,87,0.642,-0.4201317272254261,0
5,1008,67,0.595,0.1458394073287654,0
5,2423,63,0.8,0.05638291179182048,0
6,1056,78,1.053,0.04398115623625973,0
4,835,73,0.825,0.1458394073287654,0
5,0,48,0.6,0.06481158608215745,1
3,1670,73,0.553,0.5131108065349722,0
4,1552,86,0.755,0.5131108065349722,0
3,1942,57,0.781,-0.43149531170187244,0
6,564,78,0.814,0.10807588009378928,0
5,0,76,0.727,0.47401097427859634,0
3,1432,74,0.947,0.535743417188006,0
5,1101,87,0.851,0.45807438824491503,0
6,977,85,1.073,0.550939329032111,0
5,0,77,0.925,0.482234973080135,0
6,901,84,0.75,-0.026460385260689584,0
3,0,47,0.469,0.11943946457023565,1
3,1484,77,0.75,0.6195786897219242,0
6,2517,50,0.515,0.13463537641434062,1
6,2517,71,0.69,0.4444714458451589,0
4,1414,68,0.7,0.0356921621725583,0
3,0,31,0.722,0.5131108065349722,1
5,1206,68,0.511,0.039436519403976106,0
4,834,82,0.64,0.4490160826774426,0
5,0,54,0.688,-0.037491835349538497,1
4,2176,93,0.755,0.12502227248163364,0
4,1431,33,0.571,0.057707021660826,1
5,2397,65,0.585,0.10807588009378928,0
3,0,79,0.612,-0.6038593703804729,0
4,995,76,0.81,0.10807588009378928,0
6,833,84,0.787,0.550939329032111,0
3,699,73,0.521,-0.5858363918218854,0
5,801,74,0.897,0.6195786897219242,0
4,686,71,1.029,0.06481158608215745,0
5,816,71,0.578,0.09287996824968432,0
3,752,57,0.966,0.039436519403976106,0
6,1736,93,0.788,0.04809391772811908,0
5,2517,68,0.789,0.04398115623625973,0
5,726,79,1.026,0.6195786897219242,0
5,2121,70,0.795,0.5300571989228167,0
3,2517,87,0.74,0.09287996824968432,0
5,2495,83,0.886,0.09742460508196794,0
5,2509,102,0.729,-0.4089276963110013,0
3,0,63,0.537,-0.508423666455387,0
4,1585,82,0.864,0.06891105257525078,0
4,0,74,0.947,0.10807588009378928,0
4,0,92,0.878,0.12502227248163364,0
3,550,43,0.433,0.6043827778778192,1
3,2517,43,0.387,0.10807588009378928,1
4,0,46,0.394,0.024240607559871175,1
6,1835,69,0.917,-0.4421465867136938,0
3,0,66,0.65,0.1126205169260729,0
4,859,72,0.674,0.039436519403976106,0
5,662,52,0.793,0.4444714458451589,1
3,2517,46,0.484,0.6043827778778192,1
5,0,33,0.269,-0.6084040072127566,1
4,1197,69,0.769,-0.43149531170187244,0
4,0,73,0.659,0.5396703028555236,0
5,2387,67,0.558,0.0800074979262624,1
6,636,83,0.766,0.0800074979262624,0
4,813,60,0.818,0.039436519403976106,1
6,848,85,0.848,0.6043827778778192,0
6,2517,89,0.618,0.1126205169260729,0
5,1030,62,0.879,0.482234973080135,0
6,1154,79,0.717,0.10807588009378928,0
5,1488,87,0.891,-0.5970404227363102,0
6,632,83,0.66,0.5131108065349722,0
3,1384,53,0.767,0.2385812628268279,1
5,0,40,0.739,-0.3387534562038099,1
6,1258,79,0.837,0.5131108065349722,0
5,1059,70,0.707,0.10807588009378928,0
3,1798,70,0.628,0.0772000466389522,0
6,1839,72,0.674,0.6195786897219242,0
3,1911,82,0.864,0.10982636063752867,0
3,990,73,1.147,0.05638291179182048,0
6,0,81,0.884,0.5131108065349722,0
6,0,88,0.692,0.550939329032111,0
6,0,45,0.667,0.039436519403976106,1
4,855,53,0.893,0.6195786897219242,0
1,0,54,0.688,-0.39373178446689633,1
6,0,80,0.778,0.039436519403976106,0
5,611,89,0.816,0.039436519403976106,0
4,1608,86,0.654,0.2053623724241354,0
6,1992,32,0.684,0.04809391772811908,0
5,1461,36,0.385,0.15873787122258992,1
3,0,83,0.844,0.1126205169260729,0
6,1430,69,0.683,0.053039461803732174,0
4,971,96,0.6,-0.4049358153813211,0
6,1592,79,0.837,0.30813372885656104,0
4,676,76,0.81,0.6195786897219242,0
3,0,88,0.872,0.039436519403976106,0
6,1750,76,0.767,0.06599601572452743,0
5,1352,72,0.565,0.6195786897219242,0
4,1971,81,0.653,0.4444714458451589,0
4,0,45,0.552,0.550939329032111,1
5,2222,82,0.822,0.10807588009378928,0
3,0,85,0.771,0.1126205169260729,0
5,1560,73,0.698,0.5131108065349722,0
3,1095,84,0.75,0.1458394073287654,0
3,0,77,0.878,0.550939329032111,0
6,1742,50,0.613,0.0582294033296373,1
5,0,86,0.755,0.039436519403976106,0
3,0,82,0.864,0.053039461803732174,0
3,1586,71,0.868,0.9559742554732938,0
3,1912,60,0.538,-0.43149531170187244,0
5,1336,83,0.804,0.482234973080135,0
4,0,75,0.744,0.039436519403976106,0
5,1436,78,0.5,-0.026460385260689584,0
3,0,47,0.567,0.535743417188006,1
3,1927,66,0.833,0.6043827778778192,0
6,1618,79,0.681,0.1458394073287654,0
5,1352,81,0.421,0.039436519403976106,0
5,1963,43,0.87,-0.037491835349538497,1
3,0,59,0.788,0.6195786897219242,1
4,935,77,0.974,0.1126205169260729,0
4,1527,64,1.133,-0.43149531170187244,0
6,0,89,0.816,0.039436519403976106,0
5,1181,83,0.596,0.10807588009378928,0
6,0,41,0.64,0.4490160826774426,1
3,0,41,0.414,0.05638291179182048,1
6,757,76,0.81,-0.037491835349538497,0
3,1222,89,0.745,0.06599601572452743,0
2,0,40,0.429,-0.6235999190568615,1
5,0,42,0.556,0.5508743337699483,1
4,1965,80,0.6,0.5131108065349722,0
6,0,65,0.912,0.09742460508196794,0
3,733,73,0.973,0.1458394073287654,0
4,0,34,0.36,-0.5038790296231034,1
3,0,91,0.625,0.09287996824968432,0
6,1707,39,0.696,0.4490160826774426,1
5,682,62,0.676,0.550939329032111,0
6,1682,71,0.972,0.1126205169260729,0
4,725,45,0.406,0.2008177355918518,1
3,0,35,0.296,0.6195786897219242,1
3,0,70,0.628,-0.39373178446689633,0
6,0,74,0.644,0.053039461803732174,0
6,537,83,0.804,0.0772000466389522,0
4,577,47,0.516,0.10807588009378928,1
4,1557,85,0.848,0.13463537641434062,0
4,1449,65,0.548,0.5176554433672559,0
3,1176,71,0.868,0.06599601572452743,0
5,1085,85,0.848,0.4444714458451589,0
5,1593,82,0.783,0.5396703028555236,0
5,879,77,0.604,0.7123205452199867,0
3,1533,75,0.786,0.13064349548466045,0
3,725,35,0.296,0.482234973080135,1
4,2517,45,0.552,0.13463537641434062,1
5,1165,82,0.822,-0.11209710942872675,0
5,1521,69,0.865,0.13672301173432222,0
3,2378,57,0.676,0.1458394073287654,1
6,730,67,0.914,0.05080010388042247,0
3,1782,83,0.766,0.550939329032111,0
5,1658,76,1.0,0.6195786897219242,0
3,0,75,1.083,0.024240607559871175,0
3,743,80,0.778,0.5396703028555236,0
4,0,56,0.931,0.06599601572452743,0
3,1867,50,0.282,0.4490160826774426,1
2,2517,40,0.481,0.039436519403976106,1
4,0,75,0.667,0.11943946457023565,0
3,912,78,0.56,0.06200413479484726,0
6,1062,78,0.773,0.4444714458451589,0
4,0,72,0.714,-0.43149531170187244,0
4,966,81,0.761,-0.4201317272254261,0
6,1751,62,0.676,0.1321783749020386,0
3,2499,79,0.795,-0.43308828114622133,0
3,0,31,0.292,0.5396703028555236,1
6,851,69,0.917,0.9559742554732938,0
5,1604,75,0.786,0.03114752534027468,0
4,1256,83,0.976,0.6195786897219242,0
4,929,77,0.75,0.4444714458451589,0
3,0,44,0.571,0.621425181259741,1
3,1299,73,0.973,0.04398115623625973,0
4,0,68,0.619,0.10807588009378928,0
6,1832,74,0.947,0.2385812628268279,0
5,764,96,0.684,0.057707021660826,0
3,0,82,0.907,0.10807588009378928,0
3,0,69,0.917,0.10807588009378928,0
4,0,43,0.162,0.05080010388042247,1
4,1559,81,0.761,0.4490160826774426,0
3,731,30,0.2,0.550939329032111,1
6,0,70,1.0,-0.6190552822245778,0
6,2517,87,0.891,0.06891105257525078,0
5,1667,69,0.683,-0.010932339028987164,0
2,496,40,0.379,0.04398115623625973,1
4,0,40,0.333,0.1699419021370147,1
5,1450,84,0.787,-0.037491835349538497,0
3,1981,66,0.784,0.550939329032111,0
4,1760,92,0.704,0.05080010388042247,0
4,0,77,0.711,0.04398115623625973,0
3,0,86,0.792,0.10807588009378928,0
4,0,76,0.767,0.550939329032111,0
5,1925,63,0.703,0.5527858205699278,0
6,1935,86,0.911,0.1126205169260729,0
1,0,56,0.556,0.06599601572452743,1
4,971,71,0.868,0.1458394073287654,0
2,0,45,0.364,-0.6235999190568615,1
6,1396,74,0.897,0.024240607559871175,0
4,1867,75,1.027,0.45807438824491503,0
3,0,43,0.303,0.024240607559871175,1
2,0,63,0.658,-0.032947198517254875,0
3,1830,77,0.878,0.4444714458451589,0
3,778,87,0.706,0.0772000466389522,0
3,0,37,0.682,0.039436519403976106,1
3,2198,81,0.723,0.5131108065349722,0
3,913,78,0.592,0.0544371340438906,0
3,0,76,0.949,0.10807588009378928,0
2,2395,79,0.756,0.46141783823300336,0
3,872,51,0.645,0.550939329032111,1
2,0,51,0.7,0.13064349548466045,1
2,0,52,0.529,0.06599601572452743,1
3,2517,80,0.739,0.06599601572452743,0
2,1167,65,0.857,0.550939329032111,0
3,1621,79,0.717,0.6043827778778192,0
2,0,48,0.548,-0.43149531170187244,1
2,1392,85,0.667,0.039436519403976106,0
3,0,91,0.517,0.1727493534243249,0
2,2033,66,0.61,0.9559742554732938,0
3,1290,61,0.906,0.03114752534027468,0
4,0,34,0.478,0.4444714458451589,1
3,1737,82,0.783,0.10807588009378928,0
1,1476,34,0.259,0.621425181259741,1
2,0,87,0.891,0.12167882249354535,0
2,1897,74,0.542,0.12502227248163364,0
1,1600,82,0.864,0.9559742554732938,0
1,1879,80,0.778,0.1126205169260729,0
2,0,54,0.588,0.10807588009378928,1
4,0,56,0.75,0.09742460508196794,1
1,1544,77,0.925,0.5131108065349722,0
2,1393,90,0.915,0.13064349548466045,0
1,1084,78,0.66,0.5131108065349722,0
6,0,43,0.536,-0.6038593703804729,1
2,1904,86,0.87,-0.5818445108922052,0
2,0,87,0.851,0.039436519403976106,0
2,0,49,0.75,-0.010932339028987164,1
1,1064,76,0.854,0.5426503349684096,0
1,1462,71,0.732,0.039436519403976106,0
6,0,40,0.6,0.6195786897219242,1
1,0,84,0.68,0.13463537641434062,0
1,1486,43,0.387,0.12502227248163364,1
2,0,36,0.5,0.550939329032111,1
2,2054,85,0.667,0.5131108065349722,0
1,1804,60,0.935,0.037843549959627215,0
2,1656,51,0.962,9.911105986179088e-05,0
2,0,44,0.833,0.0800074979262624,1
2,1430,87,0.812,0.1126205169260729,0
2,2517,32,0.0,0.46141783823300336,1
2,1959,66,0.61,0.11943946457023565,0
2,458,39,0.444,-0.39373178446689633,1
2,1044,70,0.892,0.535743417188006,0
2,0,84,0.826,0.039436519403976106,0
2,2418,77,0.791,0.1126205169260729,0
1,0,70,0.628,0.09287996824968432,0
1,0,35,0.25,0.10807588009378928,1
2,2517,82,0.745,0.04398115623625973,0
5,0,91,0.784,0.06599601572452743,0
2,1163,80,0.778,1.0246136161631072,0
1,1429,66,0.737,0.9559742554732938,0
2,1680,84,0.826,0.5131108065349722,0
1,1405,75,0.596,0.06599601572452743,0
2,1109,70,1.0,0.10807588009378928,0
1,1080,87,0.776,0.1126205169260729,0
2,1172,81,0.976,0.05080010388042247,0
1,1953,89,0.935,0.039436519403976106,0
2,1288,56,0.931,0.13463537641434062,0
2,0,43,0.433,0.6195786897219242,1
1,924,78,0.857,0.04398115623625973,0
1,1309,76,0.9,0.7123205452199867,0
2,0,86,0.792,0.028785244392154796,0
2,0,73,0.921,-0.09690119758462179,0
2,0,79,0.756,0.06481158608215745,0
2,0,86,0.686,0.4490160826774426,0
2,801,64,0.778,-0.6084040072127566,0
2,0,73,0.698,0.0356921621725583,0
2,0,68,0.838,-0.48058942091948753,0
1,2517,87,0.776,0.550939329032111,0
1,0,61,0.694,0.10807588009378928,1
4,0,63,0.575,0.039436519403976106,1
2,0,85,0.771,0.0772000466389522,0
1,0,48,0.846,-0.021915748428405907,1
2,1398,68,0.7,0.05638291179182048,0
6,1348,44,0.63,0.06200413479484726,1
2,1303,88,0.833,-0.09690119758462179,0
2,2302,81,0.8,0.4490160826774426,0
2,1777,76,0.854,0.0772000466389522,0
2,1204,82,0.822,0.1235253140313622,0
2,2426,41,0.367,0.6195786897219242,1
1,0,85,0.7,0.13463537641434062,0
2,0,94,0.843,0.12167882249354535,0
1,1220,90,0.957,0.1126205169260729,0
2,683,77,0.75,0.5396703028555236,0
1,747,90,0.765,-0.5948010648130004,0
1,1158,82,0.822,0.535743417188006,0
2,587,80,0.702,0.06200413479484726,0
5,0,40,0.6,0.04398115623625973,1
1,1908,73,0.659,1.0246136161631072,0
1,1554,86,0.72,0.06599601572452743,0
2,1046,84,0.615,0.039436519403976106,0
2,1388,84,0.826,0.06599601572452743,0
4,261,40,0.6,0.1126205169260729,1
1,1103,64,0.882,1.0246136161631072,0
2,2517,75,0.829,0.5131108065349722,0
1,2517,75,0.923,0.5508743337699483,0
2,0,87,0.891,1.0246136161631072,0
1,1476,66,0.833,0.1126205169260729,0
1,2403,59,0.735,-0.4625664423609,0
2,1189,81,0.929,0.550939329032111,0
6,0,49,0.531,0.0772000466389522,1
1,770,65,0.757,0.10648291064944039,0
1,713,80,0.951,0.1126205169260729,0
5,0,37,0.321,0.04398115623625973,1
1,0,86,0.87,0.039436519403976106,0
1,1649,74,0.609,0.10807588009378928,0
1,2511,77,0.925,0.12167882249354535,0
2,0,85,0.771,0.09742460508196794,0
2,872,76,1.111,0.1458394073287654,0
6,0,44,0.913,0.47401097427859634,1
2,855,52,0.733,0.024240607559871175,1
2,891,96,0.574,0.21442067799160786,0
2,2378,75,0.875,0.04398115623625973,0
2,0,82,1.0,0.5131108065349722,0
2,1801,45,0.667,0.5426503349684096,0
2,2014,83,0.694,0.024240607559871175,0
1,0,92,0.84,0.1458394073287654,0
2,1819,75,0.744,0.0772000466389522,0
1,1319,86,0.755,0.0772000466389522,0
2,0,79,0.717,0.13463537641434062,0
1,0,76,0.551,0.2008177355918518,0
1,2517,88,0.6,0.47103094216571034,0
2,1660,76,0.9,0.5131108065349722,0
1,1365,89,0.745,0.10807588009378928,0
2,2517,54,0.742,0.06599601572452743,1
1,0,70,0.75,0.9559742554732938,0
3,2017,90,0.731,-0.01794658387734039,0
2,2517,84,0.909,0.6043827778778192,0
2,2130,91,0.717,0.621425181259741,0
2,1324,92,0.643,0.053039461803732174,0
2,1766,94,0.679,0.044179263311686846,0
2,1082,92,0.533,-0.42510418333177197,0
2,2065,73,0.738,0.06891105257525078,0
1,1501,86,0.536,-0.49147727406754266,0
2,958,98,0.633,0.2385812628268279,0
1,1222,90,0.552,0.011303141974286524,0
1,1146,82,0.673,0.4640166973173571,0
1,2220,95,0.532,-0.39373178446689633,0
2,1731,76,0.81,-0.5003299695958761,0
2,1992,81,0.841,-0.48178898608421883,0
1,1630,81,0.688,-0.48513405775177115,0
1,0,79,0.646,0.003079143172747791,0
1,1590,85,0.667,0.5426503349684096,0
2,0,86,0.686,0.6195786897219242,0
5,2415,59,0.372,0.621425181259741,1
5,304,63,0.465,-0.25700782682147244,1
2,1134,100,0.449,0.10807588009378928,0
2,0,90,0.429,0.13648186795215747,0
2,1462,50,0.351,-0.021915748428405907,1
2,2184,88,0.725,0.4490160826774426,0
2,2008,86,0.593,-0.01794658387734039,0
2,1595,97,0.764,0.06891105257525078,0
1,2317,98,0.782,9.911105986179088e-05,0
2,1817,50,0.389,-0.4049358153813211,1
2,1132,106,0.797,-0.5242988852703095,0
2,0,97,0.672,0.06481158608215745,0
2,1259,96,0.627,-0.4049358153813211,0
2,0,103,0.635,0.9607169993810047,0
1,1093,85,0.545,0.47401097427859634,0
1,1494,85,0.635,0.6484239284378842,0
2,1239,105,0.694,0.5131108065349722,0
1,0,113,0.766,-0.028204454609544134,0
1,1494,92,0.84,0.04758093774572541,0
5,1696,97,0.902,0.4537588265851534,0
2,1563,112,0.778,0.5176554433672559,0
2,1873,127,0.789,-0.6242792260276792,0
1,846,94,0.88,0.06891105257525078,0
2,1627,94,0.843,0.07700474943476175,0
1,1742,96,0.846,0.6436811845301735,0
1,1413,51,0.645,0.0356921621725583,1
1,0,81,0.929,0.15873787122258992,1
1,1965,124,0.699,0.7123205452199867,0
2,1253,104,0.733,-0.20336908077157376,0
1,1025,106,0.893,-0.6620427532626553,0
1,1470,97,0.732,0.04398115623625973,0
1,0,120,0.69,0.039436519403976106,0
2,2517,122,0.821,0.9559742554732938,0
2,1174,117,0.857,0.4444714458451589,0
2,971,111,0.542,0.4640166973173571,0
2,994,109,0.847,0.2008177355918518,0
2,0,114,0.727,-0.5706404799777804,0
2,0,99,0.768,0.5426503349684096,0
2,1437,96,0.92,1.0246136161631072,0
2,478,77,0.833,0.1321783749020386,1
2,1437,134,0.654,0.1849425167769292,0
6,1847,67,0.811,-0.02446009737812633,1
2,2072,116,0.966,0.550939329032111,0
1,1349,103,0.746,0.2053623724241354,0
4,0,77,0.833,0.10807588009378928,1
1,893,116,0.758,0.1458394073287654,0
1,1785,126,0.8,0.1126205169260729,0
1,808,120,0.875,0.4537588265851534,0
1,2517,124,0.676,0.3953773366275439,0
2,0,127,0.649,0.1458394073287654,0
1,1155,94,0.593,0.04398115623625973,0
1,0,121,0.833,-0.009657589813638963,0
4,0,80,0.778,0.13463537641434062,1
1,0,71,1.152,0.05638291179182048,1
1,1950,131,0.819,0.9559742554732938,0
2,647,124,0.722,0.0772000466389522,0
1,1722,116,0.657,0.5900424384802748,0
6,2134,64,0.882,1.0246136161631072,1
2,776,97,0.764,0.14912476728988294,0
2,0,100,0.786,0.0772000466389522,0
1,1131,112,0.75,-0.5355029161847343,0
1,1564,112,0.75,0.5176554433672559,0
5,0,74,0.85,0.1321783749020386,1
1,875,127,0.764,0.4490160826774426,0
2,1692,64,0.73,0.0460257548495037,1
6,0,77,0.481,0.2273772319124031,1
2,1607,106,0.738,-0.037491835349538497,0
2,0,59,0.735,-0.4987157593268497,1
2,0,106,0.797,0.621425181259741,0
1,1450,131,0.638,-0.43149531170187244,0
1,1175,118,0.71,0.10807588009378928,0
1,0,120,0.875,0.4071343253836079,0
2,0,118,0.639,0.15873787122258992,0
2,1780,98,0.69,-0.5620624125052857,0
2,1907,104,0.793,-0.037491835349538497,0
5,996,68,0.7,-0.6084040072127566,1
1,1971,121,0.833,0.03924122219978564,0
1,1277,109,0.758,0.08099663036444192,0
1,1435,114,0.839,-0.0055448283217796115,0
1,1891,113,0.687,0.0772000466389522,0
2,1871,110,0.803,1.0246136161631072,0
2,2517,94,0.709,0.12167882249354535,0
2,1668,106,0.683,0.5507440318279205,0
2,1659,100,0.724,0.21776412797969616,0
1,0,65,0.806,0.5300571989228167,1
2,2517,51,0.7,0.7123205452199867,1
2,2463,107,0.814,0.04809391772811908,0
2,1203,119,0.831,0.5508743337699483,0
4,2517,66,0.65,0.07282639495221976,1
1,1413,103,0.635,0.1321783749020386,0
1,1898,123,0.732,0.621425181259741,0
1,0,129,0.743,-0.32515051380405385,0
1,1277,126,0.615,0.25449498280666233,0
2,1520,124,0.746,-0.009657589813638963,0
1,1518,97,0.702,0.10807588009378928,0
1,0,98,0.661,0.2008177355918518,0
2,1073,115,0.797,0.2008177355918518,0
2,0,106,0.738,-0.5355029161847343,0
1,726,68,0.619,-0.014202226645922585,1
1,518,59,0.788,-0.47066013922041094,1
2,1346,95,0.863,0.039436519403976106,0
1,0,50,1.083,-0.050559602877150896,1
1,1984,96,0.811,-0.7389711080161698,0
2,1964,85,0.809,0.482234973080135,0
2,1585,110,0.803,0.12167882249354535,0
2,1493,120,0.765,0.6436811845301735,0
2,1555,116,0.812,-0.6190552822245778,0
1,1829,117,0.746,0.10807588009378928,0
1,1750,114,0.869,0.482234973080135,0
1,1519,110,1.0,0.12502227248163364,0
1,972,115,0.742,0.4444714458451589,0
1,1666,116,0.812,-0.09113058139943718,0
2,1753,110,0.864,-0.09690119758462179,0
1,0,92,0.84,0.039436519403976106,0
2,1530,118,0.815,0.06891105257525078,0
2,0,105,0.694,0.12502227248163364,0
1,1870,127,0.764,0.13463537641434062,0
2,1820,114,0.81,0.47401097427859634,0
2,1366,118,0.735,0.13463537641434062,0
2,2220,119,0.776,0.47401097427859634,0
1,1662,105,0.615,0.13692111880974936,0
1,1419,99,0.678,0.1458394073287654,0
6,2517,63,0.75,0.04582764777407658,1
2,2136,119,0.75,0.015272306525352091,0
1,0,99,0.768,0.5426503349684096,0
2,0,64,0.641,-0.024853501657743898,1
2,2517,66,0.886,-0.5038790296231034,1
2,0,105,0.78,0.9559742554732938,0
2,0,123,0.64,-0.009657589813638963,0
1,0,123,0.892,0.05638291179182048,0
2,2295,115,0.797,0.6043827778778192,0
2,0,69,0.769,0.5300571989228167,1
1,1734,106,0.893,0.2273772319124031,0
2,2517,105,0.78,0.550939329032111,0
2,2488,101,0.836,-0.43149531170187244,0
2,0,102,0.729,0.039436519403976106,0
2,787,92,0.84,0.5131108065349722,0
3,0,63,0.909,0.0772000466389522,1
3,939,107,0.754,0.5527858205699278,0
2,0,122,0.718,0.535743417188006,0
3,990,123,0.732,0.4444714458451589,0
3,2517,111,0.586,0.4640166973173571,0
3,961,117,0.671,0.06599601572452743,0
3,0,121,0.704,-0.02054544296169411,0
3,2101,100,0.695,0.5426503349684096,0
3,1299,115,0.855,0.2008177355918518,0
3,2517,71,0.732,0.039436519403976106,1
3,2517,106,0.683,0.6436811845301735,0
3,1260,95,0.759,0.057707021660826,0
2,0,73,0.825,0.053039461803732174,1
2,0,63,0.75,0.4444714458451589,1
3,1379,118,0.71,0.011303141974286524,0
3,0,64,0.684,0.2273772319124031,1
3,0,108,0.77,0.10982636063752867,0
2,984,109,0.787,0.14717898954195308,0
2,0,59,0.903,0.1126205169260729,1
2,796,75,0.667,0.025407792126870343,1
3,2070,115,0.769,-0.014202226645922585,0
3,2517,114,0.869,0.023561300589053518,0
2,694,109,0.787,1.0246136161631072,0
2,1267,104,0.552,0.039436519403976106,0
3,1636,116,0.681,0.1699419021370147,0
1,0,116,0.731,0.07904653817676903,0
1,570,103,0.717,-0.6853323619662711,0
5,0,94,0.843,-0.44737053051679504,1
2,2517,97,0.865,0.6195786897219242,0
2,1835,110,0.964,0.5131108065349722,0
1,2517,103,0.689,0.10807588009378928,0
1,1293,100,0.786,0.550939329032111,0
6,2331,67,0.763,0.14912476728988294,1
2,0,113,0.823,0.0002716918854376263,0
2,2005,94,0.709,0.05638291179182048,0
2,0,112,0.778,0.04398115623625973,0
2,0,73,0.78,-0.037491835349538497,1
2,1130,93,0.603,0.5426503349684096,0
2,2032,104,0.705,-0.002838642169476223,0
2,0,78,0.902,0.10992237163160613,1
1,1782,116,0.785,-0.4269506748695888,0
2,1206,120,0.579,-0.6038593703804729,0
6,0,70,0.628,0.07138352643173494,1
2,2475,99,0.8,0.4490160826774426,0
1,1983,56,0.806,0.4490160826774426,1
4,1786,109,0.847,-0.3918852929290795,0
5,1562,108,0.714,0.4490160826774426,0
1,400,49,0.256,-0.7389711080161698,1
6,2517,116,0.731,-0.037491835349538497,0
1,230,64,0.73,0.039436519403976106,1
3,2517,120,0.846,0.5131108065349722,0
6,917,114,0.781,-0.06457108507888586,0
1,1473,70,0.892,0.03114752534027468,1
4,1204,127,0.693,0.10982636063752867,0
2,0,89,0.935,0.5426503349684096,1
6,660,68,1.0,1.0246136161631072,1
6,1761,120,0.739,0.5300571989228167,0
3,2517,97,0.732,0.09220066127886671,0
5,1195,106,0.828,0.1321783749020386,0
2,897,120,0.714,0.024240607559871175,0
4,1200,99,0.8,0.6436811845301735,0
3,1288,119,0.63,0.5659399436720255,0
5,1595,102,0.729,0.1458394073287654,0
6,0,70,0.707,0.4444714458451589,1
4,1168,101,0.629,0.621425181259741,0
6,829,78,0.773,0.7123205452199867,1
3,0,127,0.693,0.11446700846388976,0
4,1139,124,0.771,-0.6084040072127566,0
3,995,101,0.656,-0.6084040072127566,0
4,1442,99,0.678,0.5131108065349722,0
1,874,94,0.709,0.5508743337699483,0
5,1556,103,0.746,0.10807588009378928,0
3,1109,125,0.761,-0.4953919284839749,0
2,1526,126,0.8,-0.6772386651067602,0
5,2288,110,0.719,-0.021915748428405907,0
1,0,65,0.857,0.10807588009378928,1
5,766,115,0.855,-0.032947198517254875,0
4,924,124,0.676,0.1321783749020386,0
2,2420,124,0.746,0.10807588009378928,0
2,0,71,0.821,0.13064349548466045,1
3,2209,96,0.778,-0.6853323619662711,0
5,2517,79,0.646,0.1321783749020386,1
2,1135,94,0.808,-0.20336908077157376,0
3,979,104,0.733,0.2385812628268279,0
5,2048,91,0.655,0.10807588009378928,0
4,1941,119,0.608,0.5659399436720255,0
4,1173,108,0.714,0.0785396288521399,0
3,2045,92,0.84,0.5396703028555236,0
6,2266,94,0.958,0.039436519403976106,0
5,1681,117,0.746,0.04809391772811908,0
4,2517,116,0.841,0.039436519403976106,0
3,0,82,1.0,0.04582764777407658,1
4,1472,117,0.648,0.5659399436720255,0
1,542,64,0.73,-0.037491835349538497,1
5,0,67,0.971,0.10807588009378928,1
6,0,115,0.797,0.1699419021370147,0
6,2070,99,0.768,-0.5003299695958761,0
5,0,78,0.902,0.0002716918854376263,1
4,701,120,0.739,0.46141783823300336,0
3,1800,121,0.806,0.1126205169260729,0
1,0,69,0.533,0.6043827778778192,1
4,1671,126,0.8,0.1737384858625044,0
4,1254,110,0.719,0.06599601572452743,0
2,0,64,0.684,0.4860315568056249,1
3,2352,109,0.758,0.6195786897219242,0
3,1735,124,0.771,0.039436519403976106,0
4,630,99,0.768,-0.014202226645922585,0
5,2057,108,0.714,0.658681799170088,0
4,2517,74,0.609,0.024240607559871175,1
6,1184,113,0.766,0.10807588009378928,0
4,1643,112,0.623,0.6195786897219242,0
6,0,117,0.721,0.04582764777407658,0
2,0,94,0.843,0.2273772319124031,0
4,1336,115,0.855,0.053039461803732174,0
1,2517,69,0.769,0.658681799170088,1
4,534,70,0.795,0.5300571989228167,1
1,1180,74,0.897,0.12167882249354535,1
4,0,75,0.786,0.0544371340438906,1
3,1232,102,0.759,0.47103094216571034,0
1,821,58,0.933,-0.05779808813645794,1
4,1870,115,0.917,0.10807588009378928,0
6,2517,79,1.026,0.5176554433672559,1
3,1409,126,0.703,0.3953773366275439,0
5,2273,96,0.627,0.4490160826774426,0
2,0,119,0.7,0.7123205452199867,0
3,1388,104,0.763,1.0246136161631072,0
4,0,128,0.684,-0.39239220225370863,0
5,1875,123,0.757,0.1458394073287654,0
2,0,73,0.622,0.003945890480241836,1
2,2517,85,0.809,-0.004159342086559247,1
3,0,96,0.655,0.039436519403976106,0
2,1558,109,0.946,0.5508743337699483,0
4,0,62,0.722,-0.026460385260689584,1
